Team1,Week,Game Number,Game Location,Team2,Team1_Score,Team2_Score,Team1_Passing,Team1_Rushing,Team1_Turnovers,Team2_Passing,Team2_Rushing,Team2_Turnovers,Abb1,Abb2,R_Team1_Score,R_Team1_Passing,R_Team1_Rushing,R_Team1_Turnovers,R_Team2_Score,R_Team2_Passing,R_Team2_Rushing,R_Team2_Turnovers
Kansas City Chiefs,22,20,AWAY,Philadelphia Eagles,,,,,0,,,0,KC,PHI,27,238,118,0.333333333,30.33333333,158.6666667,183.6666667,0.333333333
Philadelphia Eagles,22,20,AWAY,Kansas City Chiefs,,,,,0,,,0,PHI,KC,30.33333333,158.6666667,183.6666667,0.333333333,27,238,118,0.333333333
San Francisco 49ers,21,20,AWAY,Philadelphia Eagles,7,31,83,81,3,121,148,0,SF,PHI,32.66666667,221.6666667,154.3333333,0.333333333,23.33333333,200.3333333,156.6666667,0.666666667
Cincinnati Bengals,21,19,AWAY,Kansas City Chiefs,20,23,238,71,2,315,42,1,CIN,KC,26,208.3333333,92.66666667,0.666666667,28.33333333,242.3333333,119.3333333,0.666666667
Dallas Cowboys,20,19,AWAY,San Francisco 49ers,12,19,206,76,2,199,113,1,DAL,SF,21.33333333,229.6666667,93,1.666666667,38.66666667,250,173.3333333,0.333333333
Jacksonville Jaguars,20,19,AWAY,Kansas City Chiefs,20,27,205,144,2,218,144,0,JAX,KC,27.33333333,214.6666667,101.6666667,2.666666667,27.33333333,243,97,0.666666667
Kansas City Chiefs,21,19,,Cincinnati Bengals,23,20,315,42,1,238,71,2,KC,CIN,28.33333333,242.3333333,119.3333333,0.666666667,26,208.3333333,92.66666667,0.666666667
New York Giants,20,19,AWAY,Philadelphia Eagles,7,38,109,118,1,148,268,0,NYG,PHI,28.33333333,207,162.6666667,0.333333333,22,269.3333333,96.33333333,2
Philadelphia Eagles,21,19,,San Francisco 49ers,31,7,121,148,0,83,81,3,PHI,SF,23.33333333,200.3333333,156.6666667,0.666666667,32.66666667,221.6666667,154.3333333,0.333333333
San Francisco 49ers,20,19,,Dallas Cowboys,19,12,199,113,1,206,76,2,SF,DAL,38.66666667,250,173.3333333,0.333333333,21.33333333,229.6666667,93,1.666666667
Baltimore Ravens,19,18,AWAY,Cincinnati Bengals,17,24,209,155,2,183,51,1,BAL,CIN,15.33333333,170.3333333,138,1.666666667,27.66666667,251.6666667,60.33333333,1.666666667
Buffalo Bills,20,18,,Cincinnati Bengals,10,27,261,64,1,240,172,0,BUF,CIN,34.66666667,241.6666667,150.3333333,3,24.33333333,251.3333333,59.66666667,1.666666667
Cincinnati Bengals,20,18,AWAY,Buffalo Bills,27,10,240,172,0,261,64,1,CIN,BUF,24.33333333,251.3333333,59.66666667,1.666666667,34.66666667,241.6666667,150.3333333,3
Dallas Cowboys,19,18,AWAY,Tampa Bay Buccaneers,31,14,297,128,0,334,52,1,DAL,TB,24.33333333,232,88.66666667,2,22,276,89.33333333,1.333333333
Jacksonville Jaguars,19,18,,Los Angeles Chargers,31,30,273,117,5,253,67,0,JAX,LAC,23.33333333,196.3333333,111.6666667,1.333333333,26.33333333,248.3333333,117.3333333,1.333333333
Kansas City Chiefs,20,18,,Jacksonville Jaguars,27,20,218,144,0,205,144,2,KC,JAX,27.33333333,243,97,0.666666667,27.33333333,214.6666667,101.6666667,2.666666667
Los Angeles Chargers,19,18,AWAY,Jacksonville Jaguars,30,31,253,67,0,273,117,5,LAC,JAX,26.33333333,248.3333333,117.3333333,1.333333333,23.33333333,196.3333333,111.6666667,1.333333333
Miami Dolphins,19,18,AWAY,Buffalo Bills,31,34,189,42,2,316,107,3,MIA,BUF,17.33333333,227,110,2,34,235,164.6666667,2.333333333
Minnesota Vikings,19,18,,New York Giants,24,31,271,61,0,289,142,0,MIN,NYG,24.33333333,285,108.6666667,2,26,217,157.3333333,1
New York Giants,19,18,AWAY,Minnesota Vikings,31,24,289,142,0,271,61,0,NYG,MIN,26,217,157.3333333,1,24.33333333,285,108.6666667,2
Philadelphia Eagles,20,18,,New York Giants,38,7,148,268,0,109,118,1,PHI,NYG,22,269.3333333,96.33333333,2,28.33333333,207,162.6666667,0.333333333
San Francisco 49ers,19,18,,Seattle Seahawks,41,23,324,181,0,228,104,2,SF,SEA,37.33333333,214.6666667,164,0.666666667,17.33333333,184.3333333,176,1
Seattle Seahawks,19,18,AWAY,San Francisco 49ers,23,41,228,104,2,324,181,0,SEA,SF,17.33333333,184.3333333,176,1,37.33333333,214.6666667,164,0.666666667
Tampa Bay Buccaneers,19,18,,Dallas Cowboys,14,31,334,52,1,297,128,0,TB,DAL,22,276,89.33333333,1.333333333,24.33333333,232,88.66666667,2
Arizona Cardinals,18,17,AWAY,San Francisco 49ers,13,38,194,61,4,142,169,0,ARI,SF,16.66666667,194.6666667,106.6666667,2,31.66666667,237.6666667,164.3333333,0.666666667
Atlanta Falcons,18,17,,Tampa Bay Buccaneers,30,17,208,174,1,136,86,1,ATL,TB,15.66666667,155.6666667,159.3333333,1,24,332,91.33333333,2.333333333
Baltimore Ravens,18,17,AWAY,Cincinnati Bengals,16,27,276,110,4,202,55,1,BAL,CIN,11,120.3333333,167.3333333,1,26.33333333,260,87.33333333,1.666666667
Buffalo Bills,19,17,,Miami Dolphins,34,31,316,107,3,189,42,2,BUF,MIA,34,235,164.6666667,2.333333333,17.33333333,227,110,2
Carolina Panthers,18,17,AWAY,New Orleans Saints,10,7,32,171,2,161,143,1,CAR,NO,25.66666667,254.6666667,138.3333333,1,19.33333333,163.3333333,138.3333333,1
Chicago Bears,18,17,,Minnesota Vikings,13,29,141,118,2,341,141,2,CHI,MIN,14.33333333,83.33333333,145.6666667,1.666666667,27.66666667,313.3333333,92.33333333,2.333333333
Cincinnati Bengals,19,17,,Baltimore Ravens,24,17,183,51,1,209,155,2,CIN,BAL,27.66666667,251.6666667,60.33333333,1.666666667,15.33333333,170.3333333,138,1.666666667
Cleveland Browns,18,17,AWAY,Pittsburgh Steelers,14,28,173,134,2,189,144,1,CLE,PIT,15.66666667,140,137.6666667,0.333333333,17.66666667,188.6666667,153.3333333,0.333333333
Dallas Cowboys,18,17,AWAY,Washington Commanders,6,26,118,64,2,158,151,1,DAL,WSH,33.66666667,273.6666667,118.6666667,2,,,,
Denver Broncos,18,17,,Los Angeles Chargers,31,28,266,205,2,293,59,2,DEN,LAC,20.66666667,188.3333333,129.6666667,2.666666667,22.66666667,247.6666667,122.3333333,1.333333333
Detroit Lions,18,17,AWAY,Green Bay Packers,20,16,219,104,0,188,103,2,DET,GB,28,275.6666667,139,0.333333333,30.33333333,193.6666667,126.6666667,1
Green Bay Packers,18,17,,Detroit Lions,16,20,188,103,2,219,104,0,GB,DET,30.33333333,193.6666667,126.6666667,1,28,275.6666667,139,0.333333333
Houston Texans,18,17,AWAY,Indianapolis Colts,32,31,301,59,3,202,196,3,HOU,IND,15.33333333,177.6666667,82.66666667,1,16.33333333,132.6666667,122.6666667,1.666666667
Indianapolis Colts,18,17,,Houston Texans,31,32,202,196,3,301,59,3,IND,HOU,16.33333333,132.6666667,122.6666667,1.666666667,15.33333333,177.6666667,82.66666667,1
Jacksonville Jaguars,18,17,,Tennessee Titans,20,16,203,19,1,165,147,2,JAX,TEN,30,232.3333333,169.3333333,2,,,,
Kansas City Chiefs,18,17,AWAY,Las Vegas Raiders,31,13,181,168,0,180,99,2,KC,OAK,27,287,104,1.333333333,24.66666667,239.6666667,96.66666667,2
Las Vegas Raiders,18,17,,Kansas City Chiefs,13,31,180,99,2,181,168,0,OAK,KC,24.66666667,239.6666667,96.66666667,2,27,287,104,1.333333333
Los Angeles Chargers,18,17,AWAY,Denver Broncos,28,31,293,59,2,266,205,2,LAC,DEN,22.66666667,247.6666667,122.3333333,1.333333333,20.66666667,188.3333333,129.6666667,2.666666667
Los Angeles Rams,18,17,AWAY,Seattle Seahawks,16,19,123,146,1,205,197,2,LAR,SEA,24.33333333,141.6666667,132,0.666666667,15.33333333,185,133.6666667,0.666666667
Miami Dolphins,18,17,,New York Jets,11,6,140,162,0,149,38,0,MIA,NYJ,23.33333333,252.6666667,118.6666667,2,8.666666667,217.3333333,63.66666667,2
Minnesota Vikings,18,17,AWAY,Chicago Bears,29,13,341,141,2,141,118,2,MIN,CHI,27.66666667,313.3333333,92.33333333,2.333333333,14.33333333,83.33333333,145.6666667,1.666666667
New England Patriots,18,17,AWAY,Buffalo Bills,23,35,234,107,3,237,90,3,NE,BUF,21.66666667,169.6666667,114.3333333,0.666666667,29,199.3333333,168.6666667,1.333333333
New Orleans Saints,18,17,,Carolina Panthers,7,10,161,143,1,32,171,2,NO,CAR,19.33333333,163.3333333,138.3333333,1,25.66666667,254.6666667,138.3333333,1
New York Giants,18,17,AWAY,Philadelphia Eagles,16,22,155,129,0,207,135,1,NYG,PHI,27.33333333,218.6666667,157,1,23,303.3333333,88.66666667,2.666666667
New York Jets,18,17,AWAY,Miami Dolphins,6,11,149,38,0,140,162,0,NYJ,MIA,8.666666667,217.3333333,63.66666667,2,23.33333333,252.6666667,118.6666667,2
Philadelphia Eagles,18,17,,New York Giants,22,16,207,135,1,155,129,0,PHI,NYG,23,303.3333333,88.66666667,2.666666667,27.33333333,218.6666667,157,1
Pittsburgh Steelers,18,17,,Cleveland Browns,28,14,189,144,1,173,134,2,PIT,CLE,17.66666667,188.6666667,153.3333333,0.333333333,15.66666667,140,137.6666667,0.333333333
San Francisco 49ers,18,17,,Arizona Cardinals,38,13,142,169,0,194,61,4,SF,ARI,31.66666667,237.6666667,164.3333333,0.666666667,16.66666667,194.6666667,106.6666667,2
Seattle Seahawks,18,17,,Los Angeles Rams,19,16,205,197,2,123,146,1,SEA,LAR,15.33333333,185,133.6666667,0.666666667,24.33333333,141.6666667,132,0.666666667
Tampa Bay Buccaneers,18,17,AWAY,Atlanta Falcons,17,30,136,86,1,208,174,1,TB,ATL,24,332,91.33333333,2.333333333,15.66666667,155.6666667,159.3333333,1
Arizona Cardinals,17,16,AWAY,Atlanta Falcons,19,20,213,126,0,166,132,1,ARI,ATL,14.66666667,193.6666667,102.3333333,2.666666667,14.33333333,153.6666667,164,1
Atlanta Falcons,17,16,,Arizona Cardinals,20,19,166,132,1,213,126,0,ATL,ARI,14.33333333,153.6666667,164,1,14.66666667,193.6666667,102.3333333,2.666666667
Baltimore Ravens,17,16,,Pittsburgh Steelers,13,16,120,120,1,153,198,0,BAL,PIT,12,111.6666667,199,0.666666667,17,225.6666667,109,1.333333333
Buffalo Bills,18,16,,New England Patriots,35,23,237,90,3,234,107,3,BUF,NE,29,199.3333333,168.6666667,1.333333333,21.66666667,169.6666667,114.3333333,0.666666667
Carolina Panthers,17,16,AWAY,Tampa Bay Buccaneers,24,30,326,74,3,411,67,1,CAR,TB,27.66666667,181,188,0,16.33333333,279.3333333,92,3
Chicago Bears,17,16,AWAY,Detroit Lions,10,41,30,200,2,239,265,0,CHI,DET,17.33333333,158,130.6666667,2,25.66666667,306,95.33333333,0.333333333
Cincinnati Bengals,18,16,,Baltimore Ravens,27,16,202,55,1,276,110,4,CIN,BAL,26.33333333,260,87.33333333,1.666666667,11,120.3333333,167.3333333,1
Cleveland Browns,17,16,AWAY,Washington Commanders,24,10,155,146,0,124,136,3,CLE,WSH,11,179.3333333,112.6666667,0.666666667,,,,
Dallas Cowboys,17,16,AWAY,Tennessee Titans,27,13,274,87,3,220,97,2,DAL,TEN,33.66666667,274.6666667,132,2,,,,
Denver Broncos,17,16,AWAY,Kansas City Chiefs,24,27,190,117,2,328,46,2,DEN,KC,22,196.3333333,126,2.666666667,29.33333333,291.6666667,118.3333333,1.666666667
Detroit Lions,17,16,,Chicago Bears,41,10,239,265,0,30,200,2,DET,CHI,25.66666667,306,95.33333333,0.333333333,17.33333333,158,130.6666667,2
Green Bay Packers,17,16,,Minnesota Vikings,41,17,152,163,0,244,102,4,GB,MIN,26,203.6666667,130.6666667,1,29.66666667,363.3333333,65.66666667,1.666666667
Houston Texans,17,16,,Jacksonville Jaguars,3,31,193,84,1,168,169,2,HOU,JAX,22,184.3333333,92.66666667,1.333333333,31.66666667,299,133,1.333333333
Indianapolis Colts,17,16,AWAY,New York Giants,10,38,124,128,1,177,217,1,IND,NYG,19.33333333,159,115.3333333,3,22,220,125.6666667,1
Jacksonville Jaguars,17,16,AWAY,Houston Texans,31,3,168,169,2,193,84,1,JAX,HOU,31.66666667,299,133,1.333333333,22,184.3333333,92.66666667,1.333333333
Kansas City Chiefs,17,16,,Denver Broncos,27,24,328,46,2,190,117,2,KC,DEN,29.33333333,291.6666667,118.3333333,1.666666667,22,196.3333333,126,2.666666667
Las Vegas Raiders,17,16,,San Francisco 49ers,34,37,365,135,2,284,170,1,OAK,SF,18.66666667,163.6666667,106.6666667,2,31,208,177.3333333,0.666666667
Los Angeles Chargers,17,16,,Los Angeles Rams,31,10,239,192,0,111,166,1,LAC,LAR,20,284.6666667,85.66666667,1.333333333,26.66666667,175,100.3333333,0.666666667
Los Angeles Rams,17,16,AWAY,Los Angeles Chargers,10,31,111,166,1,239,192,0,LAR,LAC,26.66666667,175,100.3333333,0.666666667,20,284.6666667,85.66666667,1.333333333
Miami Dolphins,17,16,AWAY,New England Patriots,21,23,247,86,2,173,76,0,MIA,NE,22,212.6666667,120.6666667,1.333333333,23,187,123.3333333,1
Minnesota Vikings,17,16,AWAY,Green Bay Packers,17,41,244,102,4,152,163,0,MIN,GB,29.66666667,363.3333333,65.66666667,1.666666667,26,203.6666667,130.6666667,1
New England Patriots,17,16,,Miami Dolphins,23,21,173,76,0,247,86,2,NE,MIA,23,187,123.3333333,1,22,212.6666667,120.6666667,1.333333333
New Orleans Saints,17,16,AWAY,Philadelphia Eagles,20,10,184,129,1,246,67,1,NO,PHI,18,179.3333333,117.3333333,0.666666667,35.66666667,282.6666667,150.6666667,2.333333333
New York Giants,17,16,,Indianapolis Colts,38,10,177,217,1,124,128,1,NYG,IND,22,220,125.6666667,1,19.33333333,159,115.3333333,3
New York Jets,17,16,AWAY,Seattle Seahawks,6,23,204,75,3,148,198,0,NYJ,SEA,10.66666667,227,64,1.666666667,15.66666667,216,83,1.333333333
Philadelphia Eagles,17,16,,New Orleans Saints,10,20,246,67,1,184,129,1,PHI,NO,35.66666667,282.6666667,150.6666667,2.333333333,18,179.3333333,117.3333333,0.666666667
Pittsburgh Steelers,17,16,AWAY,Baltimore Ravens,16,13,153,198,0,120,120,1,PIT,BAL,17,225.6666667,109,1.333333333,12,111.6666667,199,0.666666667
San Francisco 49ers,17,16,AWAY,Las Vegas Raiders,37,34,284,170,1,365,135,2,SF,OAK,31,208,177.3333333,0.666666667,18.66666667,163.6666667,106.6666667,2
Seattle Seahawks,17,16,,New York Jets,23,6,148,198,0,204,75,3,SEA,NYJ,15.66666667,216,83,1.333333333,10.66666667,227,64,1.666666667
Tampa Bay Buccaneers,17,16,,Carolina Panthers,30,24,411,67,1,326,74,3,TB,CAR,16.33333333,279.3333333,92,3,27.66666667,181,188,0
Arizona Cardinals,16,15,,Tampa Bay Buccaneers,16,19,204,121,3,281,115,2,ARI,TB,17.33333333,187.3333333,122.3333333,2.333333333,15.66666667,277,79,3
Atlanta Falcons,16,15,AWAY,Baltimore Ravens,9,17,212,115,1,115,184,0,ATL,BAL,15.66666667,138,181.3333333,1,9.666666667,134,172,1.333333333
Baltimore Ravens,16,15,,Atlanta Falcons,17,9,115,184,0,212,115,1,BAL,ATL,9.666666667,134,172,1.333333333,15.66666667,138,181.3333333,1
Buffalo Bills,16,15,AWAY,Chicago Bears,35,13,172,254,3,129,80,2,BUF,CHI,25.33333333,216.3333333,128,0.666666667,16.33333333,170,146.3333333,1.666666667
Carolina Panthers,16,15,,Detroit Lions,37,23,250,320,0,336,45,1,CAR,DET,23,152.3333333,143,0.333333333,31.33333333,306.3333333,113.6666667,0
Chicago Bears,16,15,,Buffalo Bills,13,35,129,80,2,172,254,3,CHI,BUF,16.33333333,170,146.3333333,1.666666667,25.33333333,216.3333333,128,0.666666667
Cincinnati Bengals,16,15,AWAY,New England Patriots,22,18,369,73,3,224,61,1,CIN,NE,28,230,113.6666667,0.666666667,20.33333333,173,123,0.666666667
Cleveland Browns,16,15,,New Orleans Saints,10,17,125,124,1,92,152,1,CLE,NO,16.66666667,181,129.3333333,1,12.33333333,214.3333333,87.66666667,1
Dallas Cowboys,16,15,,Philadelphia Eagles,40,34,304,115,1,355,87,4,DAL,PHI,38.33333333,228.3333333,167,2,36,293,144,1
Denver Broncos,16,15,AWAY,Los Angeles Rams,14,51,219,104,4,230,158,0,DEN,LAR,20.33333333,184.6666667,120.6666667,1.333333333,17.33333333,147.6666667,104.6666667,1.333333333
Detroit Lions,16,15,AWAY,Carolina Panthers,23,37,336,45,1,250,320,0,DET,CAR,31.33333333,306.3333333,113.6666667,0,23,152.3333333,143,0.333333333
Green Bay Packers,16,15,AWAY,Miami Dolphins,26,20,222,79,1,294,82,4,GB,MIA,28.33333333,208.3333333,139.6666667,1.333333333,21,206.3333333,104.3333333,1.333333333
Houston Texans,16,15,AWAY,Tennessee Titans,19,14,215,70,1,88,184,3,HOU,TEN,20.33333333,179.6666667,96.66666667,2.333333333,,,,
Indianapolis Colts,16,15,,Los Angeles Chargers,3,20,104,69,3,213,101,2,IND,LAC,24,184.3333333,129,2.666666667,20,318.3333333,76,1
Jacksonville Jaguars,16,15,AWAY,New York Jets,19,3,218,147,1,161,66,2,JAX,NYJ,30,283.3333333,115.6666667,1.333333333,17,295.3333333,82,1.666666667
Kansas City Chiefs,16,15,,Seattle Seahawks,24,10,220,77,0,200,133,1,KC,SEA,29.33333333,288.6666667,138.6666667,2,21.33333333,265.3333333,68.66666667,1.666666667
Las Vegas Raiders,16,15,AWAY,Pittsburgh Steelers,10,13,143,58,3,244,106,1,OAK,PIT,24.33333333,199.3333333,138.6666667,1.666666667,19,210,125,1
Los Angeles Chargers,16,15,AWAY,Indianapolis Colts,20,3,213,101,2,104,69,3,LAC,IND,20,318.3333333,76,1,24,184.3333333,129,2.666666667
Los Angeles Rams,16,15,,Denver Broncos,51,14,230,158,0,219,104,4,LAR,DEN,17.33333333,147.6666667,104.6666667,1.333333333,20.33333333,184.6666667,120.6666667,1.333333333
Miami Dolphins,16,15,,Green Bay Packers,20,26,294,82,4,222,79,1,MIA,GB,21,206.3333333,104.3333333,1.333333333,28.33333333,208.3333333,139.6666667,1.333333333
Minnesota Vikings,16,15,,New York Giants,27,24,270,83,0,319,126,2,MIN,NYG,29.66666667,326.3333333,80.66666667,1.666666667,20.66666667,174.3333333,128.3333333,0.666666667
New England Patriots,16,15,,Cincinnati Bengals,18,22,224,61,1,369,73,3,NE,CIN,20.33333333,173,123,0.666666667,28,230,113.6666667,0.666666667
New Orleans Saints,16,15,AWAY,Cleveland Browns,17,10,92,152,1,125,124,1,NO,CLE,12.33333333,214.3333333,87.66666667,1,16.66666667,181,129.3333333,1
New York Giants,16,15,AWAY,Minnesota Vikings,24,27,319,126,2,270,83,0,NYG,MIN,20.66666667,174.3333333,128.3333333,0.666666667,29.66666667,326.3333333,80.66666667,1.666666667
New York Jets,16,15,,Jacksonville Jaguars,3,19,161,66,2,218,147,1,NYJ,JAX,17,295.3333333,82,1.666666667,30,283.3333333,115.6666667,1.333333333
Philadelphia Eagles,16,15,AWAY,Dallas Cowboys,34,40,355,87,4,304,115,1,PHI,DAL,36,293,144,1,38.33333333,228.3333333,167,2
Pittsburgh Steelers,16,15,,Las Vegas Raiders,13,10,244,106,1,143,58,3,PIT,OAK,19,210,125,1,24.33333333,199.3333333,138.6666667,1.666666667
San Francisco 49ers,16,15,,Washington Commanders,37,20,218,153,1,270,79,2,SF,WSH,29.66666667,212,166.6666667,0.666666667,,,,
Seattle Seahawks,16,15,AWAY,Kansas City Chiefs,10,24,200,133,1,220,77,0,SEA,KC,21.33333333,265.3333333,68.66666667,1.666666667,29.33333333,288.6666667,138.6666667,2
Tampa Bay Buccaneers,16,15,AWAY,Arizona Cardinals,19,16,281,115,2,204,121,3,TB,ARI,15.66666667,277,79,3,17.33333333,187.3333333,122.3333333,2.333333333
Arizona Cardinals,15,14,AWAY,Denver Broncos,15,24,167,73,3,156,168,2,ARI,DEN,15.66666667,214,120.3333333,2,15.66666667,174.3333333,105,1.333333333
Atlanta Falcons,15,14,AWAY,New Orleans Saints,18,21,89,231,1,214,134,1,ATL,NO,18.66666667,152,154,1.333333333,14.33333333,221.3333333,72.33333333,0.666666667
Baltimore Ravens,15,14,AWAY,Cleveland Browns,3,13,126,198,2,140,143,0,BAL,CLE,17.66666667,176.3333333,160,1.333333333,20,193.6666667,144.6666667,1.333333333
Buffalo Bills,15,14,,Miami Dolphins,32,29,296,150,1,217,188,0,BUF,MIA,24,196.6666667,132.6666667,0.666666667,21.33333333,225,63.66666667,1.666666667
Carolina Panthers,15,14,,Pittsburgh Steelers,16,24,188,21,0,169,156,0,CAR,PIT,18.66666667,146,148,1.333333333,19,204,130.3333333,1
Chicago Bears,15,14,,Philadelphia Eagles,20,25,91,157,1,309,112,3,CHI,PHI,17.66666667,182.3333333,147.3333333,1.666666667,41,235.6666667,227.6666667,0.333333333
Cincinnati Bengals,15,14,AWAY,Tampa Bay Buccaneers,34,23,184,53,1,304,92,4,CIN,TB,23.33333333,257.3333333,132,0.333333333,13.66666667,252,80.33333333,1.666666667
Cleveland Browns,15,14,,Baltimore Ravens,13,3,140,143,0,126,198,2,CLE,BAL,20,193.6666667,144.6666667,1.333333333,17.66666667,176.3333333,160,1.333333333
Dallas Cowboys,15,14,AWAY,Jacksonville Jaguars,34,40,243,154,2,311,192,3,DAL,JAX,36.33333333,234.3333333,172,2,26,277.6666667,64.33333333,0.666666667
Denver Broncos,15,14,,Arizona Cardinals,24,15,156,168,2,167,73,3,DEN,ARI,15.66666667,174.3333333,105,1.333333333,15.66666667,214,120.3333333,2
Detroit Lions,15,14,AWAY,New York Jets,20,17,252,107,0,287,50,1,DET,NYJ,33,299,110,0.666666667,21.66666667,302.3333333,118,1.333333333
Green Bay Packers,15,14,,Los Angeles Rams,24,12,207,138,2,84,72,1,GB,LAR,26,211,112.3333333,0.666666667,16.66666667,147,119.3333333,1.666666667
Houston Texans,15,14,,Kansas City Chiefs,24,30,125,94,1,313,189,2,HOU,KC,17.33333333,196,77.33333333,3,28,291,114.6666667,2
Indianapolis Colts,15,14,AWAY,Minnesota Vikings,36,39,170,171,1,426,92,3,IND,MIN,17.33333333,189.3333333,105,2.666666667,27.66666667,284.6666667,69,1
Jacksonville Jaguars,15,14,,Dallas Cowboys,40,34,311,192,3,243,154,2,JAX,DAL,26,277.6666667,64.33333333,0.666666667,36.33333333,234.3333333,172,2
Kansas City Chiefs,15,14,AWAY,Houston Texans,30,24,313,189,2,125,94,1,KC,HOU,28,291,114.6666667,2,17.33333333,196,77.33333333,3
Las Vegas Raiders,15,14,,New England Patriots,30,24,211,97,1,112,206,1,OAK,NE,27.66666667,226.6666667,200.6666667,2,21,257,69.33333333,0.333333333
Los Angeles Chargers,15,14,,Tennessee Titans,17,14,291,74,2,157,127,1,LAC,TEN,22.66666667,303.3333333,73,0.333333333,,,,
Los Angeles Rams,15,14,AWAY,Green Bay Packers,12,24,84,72,1,207,138,2,LAR,GB,16.66666667,147,119.3333333,1.666666667,26,211,112.3333333,0.666666667
Miami Dolphins,15,14,AWAY,Buffalo Bills,29,32,217,188,0,296,150,1,MIA,BUF,21.33333333,225,63.66666667,1.666666667,24,196.6666667,132.6666667,0.666666667
Minnesota Vikings,15,14,,Indianapolis Colts,39,36,426,92,3,170,171,1,MIN,IND,27.66666667,284.6666667,69,1,17.33333333,189.3333333,105,2.666666667
New England Patriots,15,14,AWAY,Las Vegas Raiders,24,30,112,206,1,211,97,1,NE,OAK,21,257,69.33333333,0.333333333,27.66666667,226.6666667,200.6666667,2
New Orleans Saints,15,14,,Atlanta Falcons,21,18,214,134,1,89,231,1,NO,ATL,14.33333333,221.3333333,72.33333333,0.666666667,18.66666667,152,154,1.333333333
New York Giants,15,14,AWAY,Washington Commanders,20,12,160,128,0,228,159,2,NYG,WSH,20.66666667,191,115.6666667,0.666666667,,,,
New York Jets,15,14,,Detroit Lions,17,20,287,50,1,252,107,0,NYJ,DET,21.66666667,302.3333333,118,1.333333333,33,299,110,0.666666667
Philadelphia Eagles,15,14,AWAY,Chicago Bears,25,20,309,112,3,91,157,1,PHI,CHI,41,235.6666667,227.6666667,0.333333333,17.66666667,182.3333333,147.3333333,1.666666667
Pittsburgh Steelers,15,14,AWAY,Carolina Panthers,24,16,169,156,0,188,21,0,PIT,CAR,19,204,130.3333333,1,18.66666667,146,148,1.333333333
San Francisco 49ers,15,14,AWAY,Seattle Seahawks,21,13,211,170,0,207,70,1,SF,SEA,27,215.3333333,142,0.666666667,28.33333333,298.6666667,67,2
Seattle Seahawks,15,14,,San Francisco 49ers,13,21,207,70,1,211,170,0,SEA,SF,28.33333333,298.6666667,67,2,27,215.3333333,142,0.666666667
Tampa Bay Buccaneers,15,14,,Cincinnati Bengals,23,34,304,92,4,184,53,1,TB,CIN,13.66666667,252,80.33333333,1.666666667,23.33333333,257.3333333,132,0.333333333
Arizona Cardinals,14,13,,New England Patriots,13,27,210,113,2,225,103,1,ARI,NE,20.33333333,217.3333333,108.6666667,1.333333333,15.33333333,248,68,0
Atlanta Falcons,13,13,,Pittsburgh Steelers,16,19,160,146,1,197,154,0,ATL,PIT,18.33333333,149.6666667,151.3333333,1.333333333,24.66666667,187.3333333,163.6666667,0
Baltimore Ravens,14,13,AWAY,Pittsburgh Steelers,16,14,94,215,0,264,65,3,BAL,PIT,16.66666667,209.3333333,126.6666667,1.666666667,24.33333333,199,142.6666667,0
Buffalo Bills,14,13,,New York Jets,20,12,130,102,0,233,76,2,BUF,NYJ,27.66666667,215.3333333,155.6666667,0.666666667,18.66666667,239.3333333,112.3333333,0.666666667
Carolina Panthers,14,13,AWAY,Seattle Seahawks,30,24,105,223,0,241,46,2,CAR,SEA,17,144.6666667,151,1.333333333,25.66666667,299.6666667,64.66666667,1.666666667
Chicago Bears,13,13,,Green Bay Packers,19,28,254,155,3,182,175,0,CHI,GB,21.33333333,147.6666667,181.6666667,1,27,219.6666667,123,1.333333333
Cincinnati Bengals,14,13,,Cleveland Browns,23,10,227,136,1,273,71,1,CIN,CLE,28,297,107.3333333,0.666666667,24.33333333,208,147.6666667,1.333333333
Cleveland Browns,14,13,AWAY,Cincinnati Bengals,10,23,273,71,1,227,136,1,CLE,CIN,24.33333333,208,147.6666667,1.333333333,28,297,107.3333333,0.666666667
Dallas Cowboys,14,13,,Houston Texans,27,23,277,127,3,213,114,2,DAL,HOU,40.66666667,244.3333333,180,1,13,167.3333333,46.33333333,3
Denver Broncos,14,13,,Kansas City Chiefs,28,34,214,106,2,342,89,3,DEN,KC,11.66666667,178.3333333,101,0.666666667,26.66666667,284.3333333,139.3333333,1.333333333
Detroit Lions,14,13,,Minnesota Vikings,34,23,330,134,0,394,22,2,DET,MIN,32,244,118.6666667,0.666666667,21,190,86,0.666666667
Green Bay Packers,13,13,AWAY,Chicago Bears,28,19,182,175,0,254,155,3,GB,CHI,27,219.6666667,123,1.333333333,21.33333333,147.6666667,181.6666667,1
Houston Texans,14,13,AWAY,Dallas Cowboys,23,27,213,114,2,277,127,3,HOU,DAL,13,167.3333333,46.33333333,3,40.66666667,244.3333333,180,1
Indianapolis Colts,13,13,AWAY,Dallas Cowboys,19,54,203,106,5,165,220,1,IND,DAL,19.33333333,191,138.6666667,1.333333333,32,276.6666667,159.6666667,1.333333333
Jacksonville Jaguars,14,13,AWAY,Tennessee Titans,36,22,368,60,0,227,137,4,JAX,TEN,19.66666667,235,69.33333333,0.666666667,,,,
Kansas City Chiefs,14,13,AWAY,Denver Broncos,34,28,342,89,3,214,106,2,KC,DEN,26.66666667,284.3333333,139.3333333,1.333333333,11.66666667,178.3333333,101,0.666666667
Las Vegas Raiders,14,13,AWAY,Los Angeles Rams,16,17,137,165,2,211,71,1,OAK,LAR,29.66666667,280.3333333,182,1.333333333,17.66666667,139.3333333,145,1.333333333
Los Angeles Chargers,14,13,,Miami Dolphins,23,17,350,82,0,127,92,0,LAC,MIA,24,270,84,1,28.66666667,281.3333333,98,1.666666667
Los Angeles Rams,14,13,,Las Vegas Raiders,17,16,211,71,1,137,165,2,LAR,OAK,17.66666667,139.3333333,145,1.333333333,29.66666667,280.3333333,182,1.333333333
Miami Dolphins,14,13,AWAY,Los Angeles Chargers,17,23,127,92,0,350,82,0,MIA,LAC,28.66666667,281.3333333,98,1.666666667,24,270,84,1
Minnesota Vikings,14,13,AWAY,Detroit Lions,23,34,394,22,2,330,134,0,MIN,DET,21,190,86,0.666666667,32,244,118.6666667,0.666666667
New England Patriots,14,13,AWAY,Arizona Cardinals,27,13,225,103,1,210,113,2,NE,ARI,15.33333333,248,68,0,20.33333333,217.3333333,108.6666667,1.333333333
New Orleans Saints,13,13,AWAY,Tampa Bay Buccaneers,16,17,232,66,0,274,76,2,NO,TB,12.33333333,196.3333333,60,1.333333333,18,253,102.6666667,0.666666667
New York Giants,14,13,,Philadelphia Eagles,22,48,181,123,1,184,253,0,NYG,PHI,19.33333333,238.6666667,104.3333333,1.333333333,30.66666667,232,190.3333333,1
New York Jets,14,13,AWAY,Buffalo Bills,12,20,233,76,2,130,102,0,NYJ,BUF,18.66666667,239.3333333,112.3333333,0.666666667,27.66666667,215.3333333,155.6666667,0.666666667
Philadelphia Eagles,14,13,AWAY,New York Giants,48,22,184,253,0,181,123,1,PHI,NYG,30.66666667,232,190.3333333,1,19.33333333,238.6666667,104.3333333,1.333333333
Pittsburgh Steelers,14,13,,Baltimore Ravens,14,16,264,65,3,94,215,0,PIT,BAL,24.33333333,199,142.6666667,0,16.66666667,209.3333333,126.6666667,1.666666667
San Francisco 49ers,14,13,,Tampa Bay Buccaneers,35,7,195,209,1,253,69,3,SF,TB,28,226.3333333,125.3333333,0.333333333,18.33333333,253.6666667,111,1.333333333
Seattle Seahawks,14,13,,Carolina Panthers,24,30,241,46,2,105,223,0,SEA,CAR,25.66666667,299.6666667,64.66666667,1.666666667,17,144.6666667,151,1.333333333
Tampa Bay Buccaneers,14,13,AWAY,San Francisco 49ers,7,35,253,69,3,195,209,1,TB,SF,18.33333333,253.6666667,111,1.333333333,28,226.3333333,125.3333333,0.333333333
Arizona Cardinals,12,12,,Los Angeles Chargers,24,25,185,181,2,246,65,0,ARI,LAC,19.33333333,202.3333333,89,1,21,227.3333333,85.66666667,1.666666667
Atlanta Falcons,12,12,AWAY,Washington Commanders,13,19,165,167,1,138,176,1,ATL,WSH,19.66666667,132.6666667,162.6666667,1.666666667,,,,
Baltimore Ravens,13,12,,Denver Broncos,10,9,182,103,2,184,88,0,BAL,DEN,22.33333333,192.3333333,155,1,12,199.6666667,93.33333333,1
Buffalo Bills,13,12,AWAY,New England Patriots,24,10,223,132,1,182,60,0,BUF,NE,29.66666667,244.6666667,170,1.666666667,20.66666667,231.6666667,71.33333333,0.333333333
Carolina Panthers,12,12,,Denver Broncos,23,10,164,185,1,125,121,2,CAR,DEN,16.33333333,144.6666667,110.6666667,2,15.66666667,234.6666667,86.66666667,0.666666667
Chicago Bears,12,12,AWAY,New York Jets,10,31,165,127,1,308,158,0,CHI,NYJ,28.66666667,131.3333333,223.3333333,0.666666667,13.33333333,172,94.66666667,1.333333333
Cincinnati Bengals,13,12,,Kansas City Chiefs,27,24,279,152,0,211,138,1,CIN,KC,33,278.3333333,137,0.666666667,27.66666667,324.3333333,145,2
Cleveland Browns,13,12,AWAY,Houston Texans,27,14,130,174,2,201,82,4,CLE,HOU,21,226.3333333,127,1,13.66666667,195.6666667,52.66666667,2.333333333
Dallas Cowboys,13,12,,Indianapolis Colts,54,19,165,220,1,203,106,5,DAL,IND,32,276.6666667,159.6666667,1.333333333,19.33333333,191,138.6666667,1.333333333
Denver Broncos,13,12,AWAY,Baltimore Ravens,9,10,184,88,0,182,103,2,DEN,BAL,12,199.6666667,93.33333333,1,22.33333333,192.3333333,155,1
Detroit Lions,13,12,,Jacksonville Jaguars,40,14,337,100,0,171,95,1,DET,JAX,29,207.6666667,117,0.666666667,24,256.3333333,93.66666667,0.666666667
Green Bay Packers,12,12,AWAY,Philadelphia Eagles,33,40,236,106,2,137,363,1,GB,PHI,19,235.3333333,123,1.666666667,22.33333333,186.6666667,126,2.333333333
Houston Texans,13,12,,Cleveland Browns,14,27,201,82,4,130,174,2,HOU,CLE,13.66666667,195.6666667,52.66666667,2.333333333,21,226.3333333,127,1
Indianapolis Colts,12,12,,Pittsburgh Steelers,17,24,180,110,2,151,172,0,IND,PIT,14.66666667,145.3333333,128,1,21,189.6666667,154.3333333,0.666666667
Jacksonville Jaguars,13,12,AWAY,Detroit Lions,14,40,171,95,1,337,100,0,JAX,DET,24,256.3333333,93.66666667,0.666666667,29,207.6666667,117,0.666666667
Kansas City Chiefs,13,12,AWAY,Cincinnati Bengals,24,27,211,138,1,279,152,0,KC,CIN,27.66666667,324.3333333,145,2,33,278.3333333,137,0.666666667
Las Vegas Raiders,13,12,,Los Angeles Chargers,27,20,250,154,2,314,72,1,OAK,LAC,27.33333333,274.3333333,156.3333333,0.666666667,22.66666667,227.6666667,77,1
Los Angeles Chargers,13,12,AWAY,Las Vegas Raiders,20,27,314,72,1,250,154,2,LAC,OAK,22.66666667,227.6666667,77,1,27.33333333,274.3333333,156.3333333,0.666666667
Los Angeles Rams,13,12,,Seattle Seahawks,23,27,148,171,2,348,90,2,LAR,SEA,15.66666667,153.3333333,110,1.333333333,27,271.3333333,87.33333333,1.333333333
Miami Dolphins,13,12,AWAY,San Francisco 49ers,17,33,275,33,4,230,121,1,MIA,SF,34.66666667,290.3333333,112.6666667,0.333333333,24.33333333,226.3333333,137.3333333,0.333333333
Minnesota Vikings,13,12,,New York Jets,27,22,159,128,0,366,120,2,MIN,NYJ,23,248.3333333,92.33333333,1.333333333,18,162.6666667,130.3333333,0.333333333
New England Patriots,13,12,,Buffalo Bills,10,24,182,60,0,223,132,1,NE,BUF,20.66666667,231.6666667,71.33333333,0.333333333,29.66666667,244.6666667,170,1.666666667
New Orleans Saints,12,12,AWAY,San Francisco 49ers,0,13,197,63,2,221,96,0,NO,SF,16.66666667,195.6666667,55,1,30.33333333,238.3333333,142.3333333,0.333333333
New York Giants,13,12,,Washington Commanders,20,20,182,134,1,246,165,1,NYG,WSH,20.66666667,236.6666667,123.3333333,1,,,,
New York Jets,13,12,AWAY,Minnesota Vikings,22,27,366,120,2,159,128,0,NYJ,MIN,18,162.6666667,130.3333333,0.333333333,23,248.3333333,92.33333333,1.333333333
Philadelphia Eagles,13,12,,Tennessee Titans,35,10,386,67,0,122,87,0,PHI,TEN,26,160,199.3333333,2.333333333,,,,
Pittsburgh Steelers,13,12,AWAY,Atlanta Falcons,19,16,197,154,0,160,146,1,PIT,ATL,24.66666667,187.3333333,163.6666667,0,18.33333333,149.6666667,151.3333333,1.333333333
San Francisco 49ers,13,12,,Miami Dolphins,33,17,230,121,1,275,33,4,SF,MIA,24.33333333,226.3333333,137.3333333,0.333333333,34.66666667,290.3333333,112.6666667,0.333333333
Seattle Seahawks,13,12,AWAY,Los Angeles Rams,27,23,348,90,2,148,171,2,SEA,LAR,27,271.3333333,87.33333333,1.333333333,15.66666667,153.3333333,110,1.333333333
Tampa Bay Buccaneers,13,12,,New Orleans Saints,17,16,274,76,2,232,66,0,TB,NO,18,253,102.6666667,0.666666667,12.33333333,196.3333333,60,1.333333333
Arizona Cardinals,11,11,,San Francisco 49ers,10,38,247,67,2,228,159,0,ARI,SF,24.66666667,219,92.66666667,1.333333333,25.33333333,276.6666667,123,1.333333333
Atlanta Falcons,11,11,,Chicago Bears,27,24,131,149,2,128,160,1,ATL,CHI,23,168.6666667,168.6666667,1.666666667,30.33333333,132.3333333,250,0.666666667
Baltimore Ravens,12,11,AWAY,Jacksonville Jaguars,27,28,253,162,2,294,38,1,BAL,JAX,22.33333333,182,178,0.333333333,20.33333333,196.3333333,144.6666667,1
Buffalo Bills,12,11,AWAY,Detroit Lions,28,25,237,164,1,230,96,2,BUF,DET,26,226.6666667,160,2,25.66666667,176.6666667,124,0.333333333
Carolina Panthers,11,11,AWAY,Baltimore Ravens,3,13,169,36,3,193,115,1,CAR,BAL,26.66666667,191.3333333,155,1.333333333,25.66666667,149,193,0.333333333
Chicago Bears,11,11,AWAY,Atlanta Falcons,24,27,128,160,1,131,149,2,CHI,ATL,30.33333333,132.3333333,250,0.666666667,23,168.6666667,168.6666667,1.666666667
Cincinnati Bengals,12,11,AWAY,Tennessee Titans,20,16,266,108,0,281,63,0,CIN,TEN,30.66666667,254,113,1.333333333,,,,
Cleveland Browns,12,11,,Tampa Bay Buccaneers,23,17,178,189,1,229,96,0,CLE,TB,24,256.3333333,121.3333333,1.333333333,19.66666667,278.3333333,85.33333333,1
Dallas Cowboys,12,11,,New York Giants,28,20,261,169,2,210,90,0,DAL,NYG,39,270.3333333,170,1,18.33333333,215.6666667,119.3333333,1.666666667
Denver Broncos,12,11,AWAY,Carolina Panthers,10,23,125,121,2,164,185,1,DEN,CAR,15.66666667,234.6666667,86.66666667,0.666666667,16.33333333,144.6666667,110.6666667,2
Detroit Lions,12,11,,Buffalo Bills,25,28,230,96,2,237,164,1,DET,BUF,25.66666667,176.6666667,124,0.333333333,26,226.6666667,160,2
Green Bay Packers,11,11,,Tennessee Titans,17,27,215,56,0,320,88,1,GB,TEN,19,227,173.6666667,2,,,,
Houston Texans,12,11,AWAY,Miami Dolphins,15,30,174,36,3,273,66,1,HOU,MIA,14.33333333,182.6666667,96.66666667,2,35,322.3333333,126.3333333,0.333333333
Indianapolis Colts,11,11,,Philadelphia Eagles,16,17,185,99,1,173,141,2,IND,PHI,14.66666667,146.6666667,140,1.333333333,28.33333333,225.6666667,116,1.666666667
Jacksonville Jaguars,12,11,,Baltimore Ravens,28,27,294,38,1,253,162,2,JAX,BAL,20.33333333,196.3333333,144.6666667,1,22.33333333,182,178,0.333333333
Kansas City Chiefs,12,11,,Los Angeles Rams,26,10,320,117,2,82,116,2,KC,LAR,25.66666667,358.3333333,131.6666667,1.666666667,16.66666667,172,94,0.666666667
Las Vegas Raiders,12,11,AWAY,Seattle Seahawks,40,34,293,283,2,307,65,2,OAK,SEA,20.66666667,259.3333333,86.33333333,0.333333333,24.66666667,232.3333333,94.66666667,1
Los Angeles Chargers,12,11,AWAY,Arizona Cardinals,25,24,246,65,0,185,181,2,LAC,ARI,21,227.3333333,85.66666667,1.666666667,19.33333333,202.3333333,89,1
Los Angeles Rams,12,11,AWAY,Kansas City Chiefs,10,26,82,116,2,320,117,2,LAR,KC,16.66666667,172,94,0.666666667,25.66666667,358.3333333,131.6666667,1.666666667
Miami Dolphins,12,11,,Houston Texans,30,15,273,66,1,174,36,3,MIA,HOU,35,322.3333333,126.3333333,0.333333333,14.33333333,182.6666667,96.66666667,2
Minnesota Vikings,12,11,,New England Patriots,33,26,301,57,1,364,45,0,MIN,NE,18.66666667,229.6666667,92,1.333333333,19.33333333,164,98.66666667,0.666666667
New England Patriots,12,11,AWAY,Minnesota Vikings,26,33,364,45,0,301,57,1,NE,MIN,19.33333333,164,98.66666667,0.666666667,18.66666667,229.6666667,92,1.333333333
New Orleans Saints,11,11,,Los Angeles Rams,27,20,235,88,0,188,148,0,NO,LAR,15.66666667,194.3333333,71,1,14.66666667,165,63.33333333,0.666666667
New York Giants,12,11,AWAY,Dallas Cowboys,20,28,210,90,0,261,169,2,NYG,DAL,18.33333333,215.6666667,119.3333333,1.666666667,39,270.3333333,170,1
New York Jets,12,11,,Chicago Bears,31,10,308,158,0,165,127,1,NYJ,CHI,13.33333333,172,94.66666667,1.333333333,28.66666667,131.3333333,223.3333333,0.666666667
Philadelphia Eagles,12,11,,Green Bay Packers,40,33,137,363,1,236,106,2,PHI,GB,22.33333333,186.6666667,126,2.333333333,19,235.3333333,123,1.666666667
Pittsburgh Steelers,12,11,AWAY,Indianapolis Colts,24,17,151,172,0,180,110,2,PIT,IND,21,189.6666667,154.3333333,0.666666667,14.66666667,145.3333333,128,1
San Francisco 49ers,12,11,,New Orleans Saints,13,0,221,96,0,197,63,2,SF,NO,30.33333333,238.3333333,142.3333333,0.333333333,16.66666667,195.6666667,55,1
Seattle Seahawks,12,11,,Las Vegas Raiders,34,40,307,65,2,293,283,2,SEA,OAK,24.66666667,232.3333333,94.66666667,1,20.66666667,259.3333333,86.33333333,0.333333333
Tampa Bay Buccaneers,12,11,AWAY,Cleveland Browns,17,23,229,96,0,178,189,1,TB,CLE,19.66666667,278.3333333,85.33333333,1,24,256.3333333,121.3333333,1.333333333
Arizona Cardinals,10,10,AWAY,Los Angeles Rams,27,17,220,78,0,190,66,2,ARI,LAR,29.66666667,208.6666667,112.3333333,1.333333333,17,184.6666667,78.33333333,0.333333333
Atlanta Falcons,10,10,AWAY,Carolina Panthers,15,25,153,138,1,101,232,0,ATL,CAR,23.66666667,153.3333333,158.3333333,1.333333333,25.33333333,214.3333333,135.3333333,1.333333333
Baltimore Ravens,11,10,,Carolina Panthers,13,3,193,115,1,169,36,3,BAL,CAR,25.66666667,149,193,0.333333333,26.66666667,191.3333333,155,1.333333333
Buffalo Bills,11,10,,Cleveland Browns,31,23,186,171,0,316,80,1,BUF,CLE,24.66666667,236.6666667,154,2.666666667,23,225.3333333,132.3333333,1.666666667
Carolina Panthers,10,10,,Atlanta Falcons,25,15,101,232,0,153,138,1,CAR,ATL,25.33333333,214.3333333,135.3333333,1.333333333,23.66666667,153.3333333,158.3333333,1.333333333
Chicago Bears,10,10,,Detroit Lions,30,31,150,258,1,228,95,0,CHI,DET,31.33333333,131.3333333,245,0.666666667,16,214.3333333,105.3333333,2
Cincinnati Bengals,11,10,AWAY,Pittsburgh Steelers,37,30,346,62,2,249,102,0,CIN,PIT,30,291.6666667,118.3333333,0.666666667,14.33333333,188.6666667,152,1.666666667
Cleveland Browns,11,10,AWAY,Buffalo Bills,23,31,316,80,1,186,171,0,CLE,BUF,23,225.3333333,132.3333333,1.666666667,24.66666667,236.6666667,154,2.666666667
Dallas Cowboys,11,10,AWAY,Minnesota Vikings,40,3,307,151,0,110,73,1,DAL,MIN,33.66666667,231.6666667,166,1.333333333,29,262.3333333,125.3333333,1.333333333
Denver Broncos,11,10,,Las Vegas Raiders,16,22,226,94,0,298,109,0,DEN,OAK,13.33333333,232.3333333,90.33333333,1,13.33333333,208.3333333,62.66666667,0.666666667
Detroit Lions,11,10,AWAY,New York Giants,31,18,165,160,0,324,89,3,DET,NYG,24.33333333,225.3333333,98,0.333333333,20,174.3333333,168.3333333,0.666666667
Green Bay Packers,10,10,,Dallas Cowboys,31,28,208,207,2,262,159,2,GB,DAL,15.66666667,222.3333333,117.3333333,1.666666667,30,204.6666667,157.6666667,1.666666667
Houston Texans,11,10,,Washington Commanders,10,23,127,21,2,191,153,0,HOU,WSH,14.33333333,179.6666667,104,1.666666667,,,,
Indianapolis Colts,10,10,AWAY,Las Vegas Raiders,25,20,208,207,1,232,77,0,IND,OAK,9.666666667,153,92.66666667,2,19.33333333,209.6666667,91.66666667,0.666666667
Jacksonville Jaguars,10,10,AWAY,Kansas City Chiefs,17,27,240,75,0,331,155,3,JAX,KC,20.33333333,219.6666667,167,1.333333333,28,386,85.66666667,1.666666667
Kansas City Chiefs,11,10,AWAY,Los Angeles Chargers,30,27,322,163,1,250,115,2,KC,LAC,30.33333333,390,114.6666667,2,19.66666667,236,65,1.666666667
Las Vegas Raiders,11,10,AWAY,Denver Broncos,22,16,298,109,0,226,94,0,OAK,DEN,13.33333333,208.3333333,62.66666667,0.666666667,13.33333333,232.3333333,90.33333333,1
Los Angeles Chargers,11,10,,Kansas City Chiefs,27,30,250,115,2,322,163,1,LAC,KC,19.66666667,236,65,1.666666667,30.33333333,390,114.6666667,2
Los Angeles Rams,11,10,AWAY,New Orleans Saints,20,27,188,148,0,235,88,0,LAR,NO,14.66666667,165,63.33333333,0.666666667,15.66666667,194.3333333,71,1
Miami Dolphins,10,10,,Cleveland Browns,39,17,296,195,0,185,112,1,MIA,CLE,27.33333333,310.6666667,98.33333333,0.333333333,22.33333333,249.6666667,118.3333333,2.666666667
Minnesota Vikings,11,10,,Dallas Cowboys,3,40,110,73,1,307,151,0,MIN,DAL,29,262.3333333,125.3333333,1.333333333,33.66666667,231.6666667,166,1.333333333
New England Patriots,11,10,,New York Jets,10,3,198,99,0,44,59,0,NE,NYJ,20.66666667,161.3333333,89,2,17.66666667,192.3333333,126.6666667,1.333333333
New Orleans Saints,10,10,AWAY,Pittsburgh Steelers,10,20,157,29,2,162,217,0,NO,PIT,23.66666667,278.3333333,89.66666667,1.333333333,14.33333333,199,105.3333333,1.666666667
New York Giants,11,10,,Detroit Lions,18,31,324,89,3,165,160,0,NYG,DET,20,174.3333333,168.3333333,0.666666667,24.33333333,225.3333333,98,0.333333333
New York Jets,11,10,AWAY,New England Patriots,3,10,44,59,0,198,99,0,NYJ,NE,17.66666667,192.3333333,126.6666667,1.333333333,20.66666667,161.3333333,89,2
Philadelphia Eagles,11,10,AWAY,Indianapolis Colts,17,16,173,141,2,185,99,1,PHI,IND,28.33333333,225.6666667,116,1.666666667,14.66666667,146.6666667,140,1.333333333
Pittsburgh Steelers,11,10,,Cincinnati Bengals,30,37,249,102,0,346,62,2,PIT,CIN,14.33333333,188.6666667,152,1.666666667,30,291.6666667,118.3333333,0.666666667
San Francisco 49ers,11,10,AWAY,Arizona Cardinals,38,10,228,159,0,247,67,2,SF,ARI,25.33333333,276.6666667,123,1.333333333,24.66666667,219,92.66666667,1.333333333
Seattle Seahawks,10,10,AWAY,Tampa Bay Buccaneers,16,21,244,39,1,258,161,2,SEA,TB,31.66666667,214.6666667,152.6666667,1.333333333,13.66666667,284.3333333,47,0.333333333
Tampa Bay Buccaneers,10,10,,Seattle Seahawks,21,16,258,161,2,244,39,1,TB,SEA,13.66666667,284.3333333,47,0.333333333,31.66666667,214.6666667,152.6666667,1.333333333
Arizona Cardinals,9,9,,Seattle Seahawks,21,31,140,122,1,263,158,1,ARI,SEA,25.66666667,219,119.6666667,1.666666667,27.66666667,180.3333333,145.3333333,1.333333333
Atlanta Falcons,9,9,,Los Angeles Chargers,17,20,114,201,2,245,91,2,ATL,LAC,27.33333333,155.6666667,147.3333333,0.666666667,24,242.3333333,121.3333333,1
Baltimore Ravens,9,9,AWAY,New Orleans Saints,27,13,131,188,0,195,48,1,BAL,NO,23.33333333,170.3333333,200.6666667,1,28,270.3333333,149.6666667,1
Buffalo Bills,10,9,,Minnesota Vikings,30,33,311,175,4,334,147,2,BUF,MIN,22.66666667,239,137.3333333,1.666666667,26,203,102.3333333,0.666666667
Carolina Panthers,9,9,AWAY,Cincinnati Bengals,21,42,164,64,3,223,241,0,CAR,CIN,21.66666667,196.3333333,145,0.666666667,26,308.3333333,63,1
Chicago Bears,9,9,,Miami Dolphins,32,35,116,252,0,302,77,0,CHI,MIA,23,144,240,1.333333333,21,338.3333333,97,1.333333333
Cincinnati Bengals,9,9,,Carolina Panthers,42,21,223,241,0,164,64,3,CIN,CAR,26,308.3333333,63,1,21.66666667,196.3333333,145,0.666666667
Cleveland Browns,10,9,AWAY,Miami Dolphins,17,39,185,112,1,296,195,0,CLE,MIA,22.33333333,249.6666667,118.3333333,2.666666667,27.33333333,310.6666667,98.33333333,0.333333333
Dallas Cowboys,10,9,AWAY,Green Bay Packers,28,31,262,159,2,208,207,2,DAL,GB,30,204.6666667,157.6666667,1.666666667,15.66666667,222.3333333,117.3333333,1.666666667
Denver Broncos,10,9,AWAY,Tennessee Titans,10,17,248,65,1,244,63,1,DEN,TEN,15.33333333,203,101.3333333,1,,,,
Detroit Lions,10,9,AWAY,Chicago Bears,31,30,228,95,0,150,258,1,DET,CHI,16,214.3333333,105.3333333,2,31.33333333,131.3333333,245,0.666666667
Green Bay Packers,9,9,AWAY,Detroit Lions,9,15,283,106,3,137,117,1,GB,DET,16,200.6666667,102,1,11,239,100,2.333333333
Houston Texans,10,9,AWAY,New York Giants,16,24,286,101,2,176,191,0,HOU,NYG,15.66666667,183,106.3333333,1.333333333,20,167.3333333,132.3333333,1
Indianapolis Colts,9,9,AWAY,New England Patriots,3,26,43,78,1,133,70,1,IND,NE,20,268.3333333,81.66666667,1.666666667,24.66666667,217.3333333,98.33333333,2
Jacksonville Jaguars,9,9,,Las Vegas Raiders,27,20,235,168,1,248,73,1,JAX,OAK,20.33333333,186.6666667,192,1.333333333,22.33333333,201.3333333,119,0.333333333
Kansas City Chiefs,10,9,,Jacksonville Jaguars,27,17,331,155,3,240,75,0,KC,JAX,28,386,85.66666667,1.666666667,20.33333333,219.6666667,167,1.333333333
Las Vegas Raiders,10,9,,Indianapolis Colts,20,25,232,77,0,208,207,1,OAK,IND,19.33333333,209.6666667,91.66666667,0.666666667,9.666666667,153,92.66666667,2
Los Angeles Chargers,10,9,AWAY,San Francisco 49ers,16,22,187,51,1,230,157,1,LAC,SF,20.66666667,248.3333333,72.33333333,1.666666667,22.66666667,298.6666667,87.33333333,2
Los Angeles Rams,10,9,,Arizona Cardinals,17,27,190,66,2,220,78,0,LAR,ARI,17,184.6666667,78.33333333,0.333333333,29.66666667,208.6666667,112.3333333,1.333333333
Miami Dolphins,9,9,AWAY,Chicago Bears,35,32,302,77,0,116,252,0,MIA,CHI,21,338.3333333,97,1.333333333,23,144,240,1.333333333
Minnesota Vikings,10,9,AWAY,Buffalo Bills,33,30,334,147,2,311,175,4,MIN,BUF,26,203,102.3333333,0.666666667,22.66666667,239,137.3333333,1.666666667
New England Patriots,9,9,,Indianapolis Colts,26,3,133,70,1,43,78,1,NE,IND,24.66666667,217.3333333,98.33333333,2,20,268.3333333,81.66666667,1.666666667
New Orleans Saints,9,9,,Baltimore Ravens,13,27,195,48,1,131,188,0,NO,BAL,28,270.3333333,149.6666667,1,23.33333333,170.3333333,200.6666667,1
New York Giants,10,9,,Houston Texans,24,16,176,191,0,286,101,2,NYG,HOU,20,167.3333333,132.3333333,1,15.66666667,183,106.3333333,1.333333333
New York Jets,9,9,,Buffalo Bills,20,17,136,174,1,183,134,2,NYJ,BUF,20,180,128.3333333,1,29.66666667,322,132.6666667,1.666666667
Philadelphia Eagles,10,9,,Washington Commanders,21,32,170,94,4,178,152,2,PHI,WSH,30,213,130,0.333333333,,,,
Pittsburgh Steelers,10,9,,New Orleans Saints,20,10,162,217,0,157,29,2,PIT,NO,14.33333333,199,105.3333333,1.666666667,23.66666667,278.3333333,89.66666667,1.333333333
San Francisco 49ers,10,9,,Los Angeles Chargers,22,16,230,157,1,187,51,1,SF,LAC,22.66666667,298.6666667,87.33333333,2,20.66666667,248.3333333,72.33333333,1.666666667
Seattle Seahawks,9,9,AWAY,Arizona Cardinals,31,21,263,158,1,140,122,1,SEA,ARI,27.66666667,180.3333333,145.3333333,1.333333333,25.66666667,219,119.6666667,1.666666667
Tampa Bay Buccaneers,9,9,,Los Angeles Rams,16,13,272,51,0,138,68,0,TB,LAR,14.33333333,270,55,0.333333333,16,233.6666667,68.33333333,1.333333333
Arizona Cardinals,8,8,AWAY,Minnesota Vikings,26,34,297,78,3,208,173,1,ARI,MIN,22.66666667,199.6666667,135,1,27,243.6666667,92,0.666666667
Atlanta Falcons,8,8,,Carolina Panthers,37,34,239,167,2,309,169,1,ATL,CAR,20,112.6666667,142,0,15.33333333,174.6666667,110,0.666666667
Baltimore Ravens,8,8,AWAY,Tampa Bay Buccaneers,27,22,222,231,0,305,44,1,BAL,TB,20.66666667,153,175.3333333,1.333333333,14,285.3333333,63.33333333,0
Buffalo Bills,9,8,AWAY,New York Jets,17,20,183,134,2,136,174,1,BUF,NYJ,29.66666667,322,132.6666667,1.666666667,20,180,128.3333333,1
Carolina Panthers,8,8,AWAY,Atlanta Falcons,34,37,309,169,1,239,167,2,CAR,ATL,15.33333333,174.6666667,110,0.666666667,20,112.6666667,142,0
Chicago Bears,8,8,AWAY,Dallas Cowboys,29,49,131,240,1,242,200,1,CHI,DAL,20.66666667,164.6666667,186,1.333333333,21,149.3333333,145.3333333,1.333333333
Cincinnati Bengals,8,8,AWAY,Cleveland Browns,13,32,193,36,2,268,172,2,CIN,CLE,27.33333333,307.3333333,84.66666667,0.666666667,21,237,132,2.333333333
Cleveland Browns,8,8,,Cincinnati Bengals,32,13,268,172,2,193,36,2,CLE,CIN,21,237,132,2.333333333,27.33333333,307.3333333,84.66666667,0.666666667
Dallas Cowboys,8,8,,Chicago Bears,49,29,242,200,1,131,240,1,DAL,CHI,21,149.3333333,145.3333333,1.333333333,20.66666667,164.6666667,186,1.333333333
Denver Broncos,8,8,AWAY,Jacksonville Jaguars,21,17,230,101,1,114,191,2,DEN,JAX,11.33333333,209.6666667,109.3333333,1.333333333,16.66666667,244,173.6666667,1.333333333
Detroit Lions,9,8,,Green Bay Packers,15,9,137,117,1,283,106,3,DET,GB,11,239,100,2.333333333,16,200.6666667,102,1
Green Bay Packers,8,8,AWAY,Buffalo Bills,17,27,190,208,1,216,153,2,GB,BUF,17.66666667,206.3333333,64,0.666666667,28.33333333,317,123.3333333,1.666666667
Houston Texans,9,8,,Philadelphia Eagles,17,29,135,168,2,217,143,1,HOU,PHI,14.33333333,182,89,0.666666667,27,213.3333333,128.6666667,0
Indianapolis Colts,8,8,,Washington Commanders,16,17,189,135,2,266,96,1,IND,WSH,18.66666667,272,72,1.666666667,,,,
Jacksonville Jaguars,8,8,,Denver Broncos,17,21,114,191,2,230,101,1,JAX,DEN,16.66666667,244,173.6666667,1.333333333,11.33333333,209.6666667,109.3333333,1.333333333
Kansas City Chiefs,9,8,,Tennessee Titans,20,17,422,77,1,57,172,0,KC,TEN,31.33333333,333.6666667,94.33333333,1.333333333,,,,
Las Vegas Raiders,9,8,AWAY,Jacksonville Jaguars,20,27,248,73,1,235,168,1,OAK,JAX,22.33333333,201.3333333,119,0.333333333,20.33333333,186.6666667,192,1.333333333
Los Angeles Chargers,9,8,AWAY,Atlanta Falcons,20,17,245,91,2,114,201,2,LAC,ATL,24,242.3333333,121.3333333,1,27.33333333,155.6666667,147.3333333,0.666666667
Los Angeles Rams,9,8,AWAY,Tampa Bay Buccaneers,13,16,138,68,0,272,51,0,LAR,TB,16,233.6666667,68.33333333,1.333333333,14.33333333,270,55,0.333333333
Miami Dolphins,8,8,AWAY,Detroit Lions,31,27,369,107,1,311,82,0,MIA,DET,16.33333333,268,107,1.666666667,17,260.3333333,121,3
Minnesota Vikings,9,8,AWAY,Washington Commanders,20,17,245,56,1,126,137,1,MIN,WSH,29,225.3333333,122.6666667,0.666666667,,,,
New England Patriots,8,8,AWAY,New York Jets,22,17,161,127,1,336,51,3,NE,NYJ,27,226.3333333,114.6666667,2,27.66666667,130.3333333,156.3333333,0
New Orleans Saints,8,8,,Las Vegas Raiders,24,0,231,136,0,145,38,1,NO,OAK,33,261,182.6666667,1.666666667,33,210.6666667,177,0
New York Giants,8,8,AWAY,Seattle Seahawks,13,27,147,78,2,190,87,1,NYG,SEA,24.66666667,189.3333333,148,0.333333333,29.33333333,198.6666667,166.6666667,1.333333333
New York Jets,8,8,,New England Patriots,17,22,336,51,3,161,127,1,NYJ,NE,27.66666667,130.3333333,156.3333333,0,27,226.3333333,114.6666667,2
Philadelphia Eagles,9,8,AWAY,Houston Texans,29,17,217,143,1,135,168,2,PHI,HOU,27,213.3333333,128.6666667,0,14.33333333,182,89,0.666666667
Pittsburgh Steelers,8,8,AWAY,Philadelphia Eagles,13,35,158,144,2,290,111,0,PIT,PHI,11,249.6666667,75.33333333,1.666666667,25,180.3333333,161.6666667,0.333333333
San Francisco 49ers,8,8,AWAY,Los Angeles Rams,31,14,257,111,0,167,56,0,SF,LAR,24.66666667,294.3333333,101.3333333,2.333333333,14.33333333,244.6666667,68.66666667,2
Seattle Seahawks,8,8,,New York Giants,27,13,190,87,1,147,78,2,SEA,NYG,29.33333333,198.6666667,166.6666667,1.333333333,24.66666667,189.3333333,148,0.333333333
Tampa Bay Buccaneers,8,8,,Baltimore Ravens,22,27,305,44,1,222,231,0,TB,BAL,14,285.3333333,63.33333333,0,20.66666667,153,175.3333333,1.333333333
Arizona Cardinals,7,7,,New Orleans Saints,42,34,189,137,0,409,85,3,ARI,NO,17.33333333,205.3333333,133.3333333,1.333333333,30,200.3333333,191.3333333,1.333333333
Atlanta Falcons,7,7,AWAY,Cincinnati Bengals,17,35,107,107,0,459,78,0,ATL,CIN,22,120.6666667,173.6666667,0.333333333,24.66666667,255.6666667,81,0.666666667
Baltimore Ravens,7,7,,Cleveland Browns,23,20,94,160,1,223,113,2,BAL,CLE,19.66666667,166.3333333,176,1.666666667,21,238,153.3333333,2.333333333
Buffalo Bills,8,7,,Green Bay Packers,27,17,216,153,2,190,208,1,BUF,GB,28.33333333,317,123.3333333,1.666666667,17.66666667,206.3333333,64,0.666666667
Carolina Panthers,7,7,,Tampa Bay Buccaneers,21,3,170,173,0,276,46,0,CAR,TB,13.66666667,178,65.66666667,1.666666667,23.33333333,317.6666667,49,0.666666667
Chicago Bears,7,7,AWAY,New England Patriots,33,14,147,243,1,190,70,4,CHI,NE,13.66666667,167.3333333,154.6666667,2,30.33333333,197.6666667,147,1
Cincinnati Bengals,7,7,,Atlanta Falcons,35,17,459,78,0,107,107,0,CIN,ATL,24.66666667,255.6666667,81,0.666666667,22,120.6666667,173.6666667,0.333333333
Cleveland Browns,7,7,AWAY,Baltimore Ravens,20,23,223,113,2,94,160,1,CLE,BAL,21,238,153.3333333,2.333333333,19.66666667,166.3333333,176,1.666666667
Dallas Cowboys,7,7,,Detroit Lions,24,6,191,139,1,195,117,5,DAL,DET,21.33333333,158,119.6666667,1,23,287.6666667,128.3333333,1.666666667
Denver Broncos,7,7,,New York Jets,9,16,219,105,1,105,155,0,DEN,NYJ,16,208,102.6666667,1.333333333,30.33333333,178.6666667,137.3333333,0.666666667
Detroit Lions,8,7,,Miami Dolphins,27,31,311,82,0,369,107,1,DET,MIA,17,260.3333333,121,3,16.33333333,268,107,1.666666667
Green Bay Packers,7,7,AWAY,Washington Commanders,21,23,194,38,1,198,166,1,GB,WSH,19.66666667,223,117.6666667,1,,,,
Houston Texans,8,7,,Tennessee Titans,10,17,118,43,1,40,314,2,HOU,TEN,19,214.3333333,118.3333333,1,,,,
Indianapolis Colts,7,7,AWAY,Tennessee Titans,10,19,227,65,3,116,138,1,IND,TEN,21,305.3333333,63,1.666666667,,,,
Jacksonville Jaguars,7,7,,New York Giants,17,23,310,142,1,200,236,0,JAX,NYG,18,190,150,2.666666667,23.66666667,146.3333333,156.6666667,1
Kansas City Chiefs,7,7,AWAY,San Francisco 49ers,44,23,417,112,2,343,101,3,KC,SF,30.33333333,270.6666667,120,1,25,259.6666667,97,1.333333333
Las Vegas Raiders,8,7,AWAY,New Orleans Saints,0,24,145,38,1,231,136,0,OAK,NO,33,210.6666667,177,0,33,261,182.6666667,1.666666667
Los Angeles Chargers,7,7,,Seattle Seahawks,23,37,276,53,2,191,213,2,LAC,SEA,27.66666667,263,130.6666667,0.666666667,33,241.6666667,174,1
Los Angeles Rams,8,7,,San Francisco 49ers,14,31,167,56,0,257,111,0,LAR,SF,14.33333333,244.6666667,68.66666667,2,24.66666667,294.3333333,101.3333333,2.333333333
Miami Dolphins,7,7,,Pittsburgh Steelers,16,10,261,111,0,246,95,3,MIA,PIT,16,278.6666667,98.33333333,2.333333333,14.33333333,227,83.33333333,2
Minnesota Vikings,8,7,,Arizona Cardinals,34,26,208,173,1,297,78,3,MIN,ARI,27,243.6666667,92,0.666666667,22.66666667,199.6666667,135,1
New England Patriots,7,7,,Chicago Bears,14,33,190,70,4,147,243,1,NE,CHI,30.33333333,197.6666667,147,1,13.66666667,167.3333333,154.6666667,2
New Orleans Saints,7,7,AWAY,Arizona Cardinals,34,42,409,85,3,189,137,0,NO,ARI,30,200.3333333,191.3333333,1.333333333,17.33333333,205.3333333,133.3333333,1.333333333
New York Giants,7,7,AWAY,Jacksonville Jaguars,23,17,200,236,0,310,142,1,NYG,JAX,23.66666667,146.3333333,156.6666667,1,18,190,150,2.666666667
New York Jets,7,7,AWAY,Denver Broncos,16,9,105,155,0,219,105,1,NYJ,DEN,30.33333333,178.6666667,137.3333333,0.666666667,16,208,102.6666667,1.333333333
Philadelphia Eagles,8,7,,Pittsburgh Steelers,35,13,290,111,0,158,144,2,PHI,PIT,25,180.3333333,161.6666667,0.333333333,11,249.6666667,75.33333333,1.666666667
Pittsburgh Steelers,7,7,AWAY,Miami Dolphins,10,16,246,95,3,261,111,0,PIT,MIA,14.33333333,227,83.33333333,2,16,278.6666667,98.33333333,2.333333333
San Francisco 49ers,7,7,,Kansas City Chiefs,23,44,343,101,3,417,112,2,SF,KC,25,259.6666667,97,1.333333333,30.33333333,270.6666667,120,1
Seattle Seahawks,7,7,AWAY,Los Angeles Chargers,37,23,191,213,2,276,53,2,SEA,LAC,33,241.6666667,174,1,27.66666667,263,130.6666667,0.666666667
Tampa Bay Buccaneers,7,7,AWAY,Carolina Panthers,3,21,276,46,0,170,173,0,TB,CAR,23.33333333,317.6666667,49,0.666666667,13.66666667,178,65.66666667,1.666666667
Arizona Cardinals,6,6,AWAY,Seattle Seahawks,9,19,171,144,2,160,136,1,ARI,SEA,18.33333333,246.6666667,108.6666667,0.666666667,34.33333333,291,166,1
Atlanta Falcons,6,6,,San Francisco 49ers,28,14,121,168,0,296,50,3,ATL,SF,21.66666667,149.3333333,177.3333333,1,23.66666667,220.6666667,109.6666667,1.333333333
Baltimore Ravens,6,6,AWAY,New York Giants,20,24,195,211,2,155,83,1,BAL,NYG,25.33333333,170,168.3333333,1.666666667,21,151,184.6666667,1
Buffalo Bills,6,6,AWAY,Kansas City Chiefs,24,20,318,125,1,319,68,2,BUF,KC,26.66666667,338.3333333,120,1.666666667,29.33333333,250,116.6666667,1
Carolina Panthers,6,6,AWAY,Los Angeles Rams,10,24,110,93,1,249,111,1,CAR,LAR,17.66666667,190.6666667,83,1.333333333,13,241.3333333,65,2
Chicago Bears,6,6,,Washington Commanders,7,12,154,237,2,86,128,0,CHI,WSH,19,143.3333333,169.3333333,2,,,,
Cincinnati Bengals,6,6,AWAY,New Orleans Saints,30,26,273,75,1,171,228,0,CIN,NO,23.66666667,251.6666667,79,0.666666667,26,257.3333333,143.3333333,2.333333333
Cleveland Browns,6,6,,New England Patriots,15,38,258,70,4,301,98,1,CLE,NE,25.66666667,220.3333333,187,1,26.33333333,198,162.6666667,2
Dallas Cowboys,6,6,AWAY,Philadelphia Eagles,17,26,181,134,3,132,136,0,DAL,PHI,23.33333333,169.3333333,133.6666667,0,24.33333333,245.6666667,140.3333333,0.333333333
Denver Broncos,6,6,AWAY,Los Angeles Chargers,16,19,160,98,1,224,73,1,DEN,LAC,14.33333333,208,103.6666667,1,24.66666667,283.6666667,115,1
Detroit Lions,7,6,AWAY,Dallas Cowboys,6,24,195,117,5,191,139,1,DET,DAL,23,287.6666667,128.3333333,1.666666667,21.33333333,158,119.6666667,1
Green Bay Packers,6,6,,New York Jets,10,27,218,60,1,99,179,0,GB,NYJ,21,233,120,1.333333333,25.33333333,229.6666667,103,2
Houston Texans,7,6,AWAY,Las Vegas Raiders,20,38,296,108,1,236,164,0,HOU,OAK,19,194.6666667,113,1.333333333,27.66666667,232,154.3333333,0.333333333
Indianapolis Colts,6,6,,Jacksonville Jaguars,34,27,389,45,0,136,243,1,IND,JAX,16.33333333,234.6666667,75.33333333,2,21.66666667,232,119.3333333,2.333333333
Jacksonville Jaguars,6,6,AWAY,Indianapolis Colts,27,34,136,243,1,389,45,0,JAX,IND,21.66666667,232,119.3333333,2.333333333,16.33333333,234.6666667,75.33333333,2
Kansas City Chiefs,6,6,,Buffalo Bills,20,24,319,68,2,318,125,1,KC,BUF,29.33333333,250,116.6666667,1,26.66666667,338.3333333,120,1.666666667
Las Vegas Raiders,7,6,,Houston Texans,38,20,236,164,0,296,108,1,OAK,HOU,27.66666667,232,154.3333333,0.333333333,19,194.6666667,113,1.333333333
Los Angeles Chargers,6,6,,Denver Broncos,19,16,224,73,1,160,98,1,LAC,DEN,24.66666667,283.6666667,115,1,14.33333333,208,103.6666667,1
Los Angeles Rams,6,6,,Carolina Panthers,24,10,249,111,1,110,93,1,LAR,CAR,13,241.3333333,65,2,17.66666667,190.6666667,83,1.333333333
Miami Dolphins,6,6,,Minnesota Vikings,16,24,385,73,3,156,78,0,MIA,MIN,17.66666667,207.3333333,87.66666667,1.333333333,28.33333333,275,107,1
Minnesota Vikings,6,6,AWAY,Miami Dolphins,24,16,156,78,0,385,73,3,MIN,MIA,28.33333333,275,107,1,17.66666667,207.3333333,87.66666667,1.333333333
New England Patriots,6,6,AWAY,Cleveland Browns,38,15,301,98,1,258,70,4,NE,CLE,26.33333333,198,162.6666667,2,25.66666667,220.3333333,187,1
New Orleans Saints,6,6,,Cincinnati Bengals,26,30,171,228,0,273,75,1,NO,CIN,26,257.3333333,143.3333333,2.333333333,23.66666667,251.6666667,79,0.666666667
New York Giants,6,6,,Baltimore Ravens,24,20,155,83,1,195,211,2,NYG,BAL,21,151,184.6666667,1,25.33333333,170,168.3333333,1.666666667
New York Jets,6,6,AWAY,Green Bay Packers,27,10,99,179,0,218,60,1,NYJ,GB,25.33333333,229.6666667,103,2,21,233,120,1.333333333
Philadelphia Eagles,6,6,,Dallas Cowboys,26,17,132,136,0,181,134,3,PHI,DAL,24.33333333,245.6666667,140.3333333,0.333333333,23.33333333,169.3333333,133.6666667,0
Pittsburgh Steelers,6,6,,Tampa Bay Buccaneers,20,18,193,77,0,229,75,0,PIT,TB,13.33333333,230.6666667,92.33333333,2.333333333,21.33333333,325,35.33333333,1.333333333
San Francisco 49ers,6,6,AWAY,Atlanta Falcons,14,28,296,50,3,121,168,0,SF,ATL,23.66666667,220.6666667,109.6666667,1.333333333,21.66666667,149.3333333,177.3333333,1
Seattle Seahawks,6,6,,Arizona Cardinals,19,9,160,136,1,171,144,2,SEA,ARI,34.33333333,291,166,1,18.33333333,246.6666667,108.6666667,0.666666667
Tampa Bay Buccaneers,6,6,AWAY,Pittsburgh Steelers,18,20,229,75,0,193,77,0,TB,PIT,21.33333333,325,35.33333333,1.333333333,13.33333333,230.6666667,92.33333333,2.333333333
Arizona Cardinals,5,5,,Philadelphia Eagles,17,20,239,124,1,218,139,0,ARI,PHI,22.33333333,257,115,0.666666667,25.66666667,280.6666667,148.3333333,0.666666667
Atlanta Falcons,5,5,AWAY,Tampa Bay Buccaneers,15,21,110,151,0,351,69,0,ATL,TB,25.66666667,169.6666667,157,2,21,270.6666667,36.33333333,1.666666667
Baltimore Ravens,5,5,,Cincinnati Bengals,19,17,170,155,1,190,101,1,BAL,CIN,31.66666667,219.3333333,168.3333333,1.333333333,23.66666667,243.3333333,75,0.333333333
Buffalo Bills,5,5,,Pittsburgh Steelers,38,3,432,120,2,310,54,2,BUF,PIT,27.66666667,298.6666667,113.6666667,1,17,178,104.6666667,2.333333333
Carolina Panthers,5,5,,San Francisco 49ers,15,37,244,64,1,244,153,1,CAR,SF,18,152.3333333,110.3333333,1.666666667,20.33333333,200.6666667,121.6666667,1
Chicago Bears,5,5,AWAY,Minnesota Vikings,22,29,193,78,1,312,117,1,CHI,MIN,15,95,203.3333333,2,21,238.3333333,88.66666667,1.666666667
Cincinnati Bengals,5,5,AWAY,Baltimore Ravens,17,19,190,101,1,170,155,1,CIN,BAL,23.66666667,243.3333333,75,0.333333333,31.66666667,219.3333333,168.3333333,1.333333333
Cleveland Browns,5,5,,Los Angeles Chargers,28,30,230,213,1,227,238,0,CLE,LAC,26.33333333,217.3333333,177.3333333,1,22.66666667,316.6666667,60.66666667,1.333333333
Dallas Cowboys,5,5,AWAY,Los Angeles Rams,22,10,76,163,0,285,38,3,DAL,LAR,22.66666667,220.6666667,115,0.333333333,20,237,74,2
Denver Broncos,5,5,,Indianapolis Colts,9,12,250,125,2,200,106,2,DEN,IND,16.66666667,191.6666667,111.6666667,0.666666667,12.33333333,222.6666667,58,2.333333333
Detroit Lions,5,5,AWAY,New England Patriots,0,29,211,101,2,188,176,1,DET,NE,35,295.3333333,158.3333333,1,22.33333333,219.3333333,145.3333333,2
Green Bay Packers,5,5,,New York Giants,22,27,207,94,0,213,125,0,GB,NYG,22.66666667,234.3333333,156.3333333,1.666666667,18.33333333,134,177.3333333,1
Houston Texans,5,5,AWAY,Jacksonville Jaguars,13,6,132,116,0,286,136,2,HOU,JAX,17.66666667,202,101,1.333333333,27.66666667,215,106,1.666666667
Indianapolis Colts,5,5,AWAY,Denver Broncos,12,9,200,106,2,250,125,2,IND,DEN,12.33333333,222.6666667,58,2.333333333,16.66666667,191.6666667,111.6666667,0.666666667
Jacksonville Jaguars,5,5,,Houston Texans,6,13,286,136,2,132,116,0,JAX,HOU,27.66666667,215,106,1.666666667,17.66666667,202,101,1.333333333
Kansas City Chiefs,5,5,,Las Vegas Raiders,30,29,265,103,0,223,155,0,KC,OAK,28.33333333,237,113.3333333,1,25.66666667,239,129.3333333,0.666666667
Las Vegas Raiders,5,5,AWAY,Kansas City Chiefs,29,30,223,155,0,265,103,0,OAK,KC,25.66666667,239,129.3333333,0.666666667,28.33333333,237,113.3333333,1
Los Angeles Chargers,5,5,AWAY,Cleveland Browns,30,28,227,238,0,230,213,1,LAC,CLE,22.66666667,316.6666667,60.66666667,1.333333333,26.33333333,217.3333333,177.3333333,1
Los Angeles Rams,5,5,,Dallas Cowboys,10,22,285,38,3,76,163,0,LAR,DAL,20,237,74,2,22.66666667,220.6666667,115,0.333333333
Miami Dolphins,5,5,AWAY,New York Jets,17,40,158,137,2,187,135,0,MIA,NYJ,26,308.3333333,70.66666667,1.333333333,22.33333333,270.3333333,89,2.333333333
Minnesota Vikings,5,5,,Chicago Bears,29,22,312,117,1,193,78,1,MIN,CHI,21,238.3333333,88.66666667,1.666666667,15,95,203.3333333,2
New England Patriots,5,5,,Detroit Lions,29,0,188,176,1,211,101,2,NE,DET,22.33333333,219.3333333,145.3333333,2,35,295.3333333,158.3333333,1
New Orleans Saints,5,5,,Seattle Seahawks,39,32,203,235,2,245,151,1,NO,SEA,16.33333333,259,98.33333333,3.333333333,26,269.3333333,127.6666667,1.666666667
New York Giants,5,5,AWAY,Green Bay Packers,27,22,213,125,0,207,94,0,NYG,GB,18.33333333,134,177.3333333,1,22.66666667,234.3333333,156.3333333,1.666666667
New York Jets,5,5,,Miami Dolphins,40,17,187,135,0,158,137,2,NYJ,MIA,22.33333333,270.3333333,89,2.333333333,26,308.3333333,70.66666667,1.333333333
Philadelphia Eagles,5,5,AWAY,Arizona Cardinals,20,17,218,139,0,239,124,1,PHI,ARI,25.66666667,280.6666667,148.3333333,0.666666667,22.33333333,257,115,0.666666667
Pittsburgh Steelers,5,5,AWAY,Buffalo Bills,3,38,310,54,2,432,120,2,PIT,BUF,17,178,104.6666667,2.333333333,27.66666667,298.6666667,113.6666667,1
San Francisco 49ers,5,5,AWAY,Carolina Panthers,37,15,244,153,1,244,64,1,SF,CAR,20.33333333,200.6666667,121.6666667,1,18,152.3333333,110.3333333,1.666666667
Seattle Seahawks,5,5,AWAY,New Orleans Saints,32,39,245,151,1,203,235,2,SEA,NO,26,269.3333333,127.6666667,1.666666667,16.33333333,259,98.33333333,3.333333333
Tampa Bay Buccaneers,5,5,,Atlanta Falcons,21,15,351,69,0,110,151,0,TB,ATL,21,270.6666667,36.33333333,1.666666667,25.66666667,169.6666667,157,2
Arizona Cardinals,4,4,AWAY,Carolina Panthers,26,16,206,132,1,180,40,3,ARI,CAR,20.66666667,248,105.3333333,0.333333333,20.66666667,161.3333333,115,1
Atlanta Falcons,4,4,,Cleveland Browns,23,20,131,202,1,226,177,2,ATL,CLE,26.66666667,197.6666667,156.6666667,2.333333333,28.33333333,188,190.6666667,0.333333333
Baltimore Ravens,4,4,,Buffalo Bills,20,23,134,162,2,201,125,2,BAL,BUF,33,245,135.3333333,1,30.33333333,329,112.3333333,1.666666667
Buffalo Bills,4,4,AWAY,Baltimore Ravens,23,20,201,125,2,134,162,2,BUF,BAL,30.33333333,329,112.3333333,1.666666667,33,245,135.3333333,1
Carolina Panthers,4,4,,Arizona Cardinals,16,26,180,40,3,206,132,1,CAR,ARI,20.66666667,161.3333333,115,1,20.66666667,248,105.3333333,0.333333333
Chicago Bears,4,4,AWAY,New York Giants,12,20,155,149,3,71,262,2,CHI,NYG,17.33333333,78.33333333,186.6666667,1.333333333,18.66666667,162.3333333,169.3333333,1
Cincinnati Bengals,4,4,,Miami Dolphins,27,15,304,67,0,293,85,2,CIN,MIA,21.33333333,241.6666667,97,2,27.66666667,291.3333333,64,0.666666667
Cleveland Browns,4,4,AWAY,Atlanta Falcons,20,23,226,177,2,131,202,1,CLE,ATL,28.33333333,188,190.6666667,0.333333333,26.66666667,197.6666667,156.6666667,2.333333333
Dallas Cowboys,4,4,,Washington Commanders,25,10,217,62,0,155,142,2,DAL,WSH,15.33333333,206,118,0.666666667,,,,
Denver Broncos,4,4,AWAY,Las Vegas Raiders,23,32,214,85,1,173,212,0,DEN,OAK,14.33333333,230.3333333,117.6666667,1,21.33333333,266.6666667,80,1.666666667
Detroit Lions,4,4,,Seattle Seahawks,45,48,375,145,2,320,235,1,DET,SEA,31.66666667,238.6666667,170.3333333,0.666666667,15.66666667,221.6666667,74.66666667,1.666666667
Green Bay Packers,4,4,,New England Patriots,27,24,244,199,2,104,167,1,GB,NE,16,228.6666667,127,1.666666667,16.66666667,249,115.6666667,2.666666667
Houston Texans,4,4,,Los Angeles Chargers,24,34,215,131,2,338,81,1,HOU,LAC,16.33333333,204.3333333,83,1,19.33333333,297,59,1
Indianapolis Colts,4,4,,Tennessee Titans,17,24,327,38,3,116,127,0,IND,TEN,13.33333333,227,104.3333333,2,,,,
Jacksonville Jaguars,4,4,AWAY,Philadelphia Eagles,21,29,148,71,5,191,210,1,JAX,PHI,28,252.3333333,123.3333333,0.333333333,28.66666667,296.6666667,150.3333333,0.333333333
Kansas City Chiefs,4,4,AWAY,Tampa Bay Buccaneers,41,31,228,189,1,373,3,2,KC,TB,29.33333333,281,93,1,17,211.3333333,86,1.333333333
Las Vegas Raiders,4,4,,Denver Broncos,32,23,173,212,0,214,85,1,OAK,DEN,21.33333333,266.6666667,80,1.666666667,14.33333333,230.3333333,117.6666667,1
Los Angeles Chargers,4,4,AWAY,Houston Texans,34,24,338,81,1,215,131,2,LAC,HOU,19.33333333,297,59,1,16.33333333,204.3333333,83,1
Los Angeles Rams,4,4,AWAY,San Francisco 49ers,9,24,200,57,2,239,88,0,LAR,SF,20.33333333,234,72.33333333,2.333333333,15.66666667,172.6666667,151,1.666666667
Miami Dolphins,4,4,AWAY,Cincinnati Bengals,15,27,293,85,2,304,67,0,MIA,CIN,27.66666667,291.3333333,64,0.666666667,21.33333333,241.6666667,97,2
Minnesota Vikings,4,4,AWAY,New Orleans Saints,28,25,263,81,1,227,111,2,MIN,NO,19.33333333,240.3333333,103.6666667,1.333333333,17,261.3333333,111.6666667,3
New England Patriots,4,4,AWAY,Green Bay Packers,24,27,104,167,1,244,199,2,NE,GB,16.66666667,249,115.6666667,2.666666667,16,228.6666667,127,1.666666667
New Orleans Saints,4,4,,Minnesota Vikings,25,28,227,111,2,263,81,1,NO,MIN,17,261.3333333,111.6666667,3,19.33333333,240.3333333,103.6666667,1.333333333
New York Giants,4,4,,Chicago Bears,20,12,71,262,2,155,149,3,NYG,CHI,18.66666667,162.3333333,169.3333333,1,17.33333333,78.33333333,186.6666667,1.333333333
New York Jets,4,4,AWAY,Pittsburgh Steelers,24,20,250,98,2,178,119,4,NYJ,PIT,17.33333333,286,84,2.333333333,18,182.6666667,90,1
Philadelphia Eagles,4,4,,Jacksonville Jaguars,29,21,191,210,1,148,71,5,PHI,JAX,28.66666667,296.6666667,150.3333333,0.333333333,28,252.3333333,123.3333333,0.333333333
Pittsburgh Steelers,4,4,,New York Jets,20,24,178,119,4,250,98,2,PIT,NYJ,18,182.6666667,90,1,17.33333333,286,84,2.333333333
San Francisco 49ers,4,4,,Los Angeles Rams,24,9,239,88,0,200,57,2,SF,LAR,15.66666667,172.6666667,151,1.666666667,20.33333333,234,72.33333333,2.333333333
Seattle Seahawks,4,4,AWAY,Detroit Lions,48,45,320,235,1,375,145,2,SEA,DET,15.66666667,221.6666667,74.66666667,1.666666667,31.66666667,238.6666667,170.3333333,0.666666667
Tampa Bay Buccaneers,4,4,,Kansas City Chiefs,31,41,373,3,2,228,189,1,TB,KC,17,211.3333333,86,1.333333333,29.33333333,281,93,1
Arizona Cardinals,3,3,,Los Angeles Rams,12,20,295,70,0,239,100,1,ARI,LAR,,,,,,,,
Atlanta Falcons,3,3,AWAY,Seattle Seahawks,27,23,207,179,2,308,112,1,ATL,SEA,,,,,,,,
Baltimore Ravens,3,3,AWAY,New England Patriots,37,26,206,188,2,302,145,4,BAL,NE,,,,,,,,
Buffalo Bills,3,3,AWAY,Miami Dolphins,19,21,382,115,1,171,41,0,BUF,MIA,,,,,,,,
Carolina Panthers,3,3,,New Orleans Saints,22,14,148,145,0,342,84,3,CAR,NO,,,,,,,,
Chicago Bears,3,3,,Houston Texans,23,20,82,281,2,237,92,2,CHI,HOU,,,,,,,,
Cincinnati Bengals,3,3,AWAY,New York Jets,27,12,261,69,1,252,76,4,CIN,NYJ,,,,,,,,
Cleveland Browns,3,3,,Pittsburgh Steelers,29,17,205,171,0,204,104,1,CLE,PIT,,,,,,,,
Dallas Cowboys,3,3,AWAY,New York Giants,23,16,215,176,0,169,167,1,DAL,NYG,,,,,,,,
Denver Broncos,3,3,,San Francisco 49ers,11,10,160,101,0,179,88,3,DEN,SF,,,,,,,,
Detroit Lions,3,3,AWAY,Minnesota Vikings,24,28,277,139,1,250,123,1,DET,MIN,,,,,,,,
Green Bay Packers,3,3,AWAY,Tampa Bay Buccaneers,14,12,248,67,2,251,34,2,GB,TB,,,,,,,,
Houston Texans,3,3,AWAY,Chicago Bears,20,23,237,92,2,82,281,2,HOU,CHI,,,,,,,,
Indianapolis Colts,3,3,,Kansas City Chiefs,20,17,177,82,1,257,58,2,IND,KC,,,,,,,,
Jacksonville Jaguars,3,3,AWAY,Los Angeles Chargers,38,10,262,151,0,286,26,2,JAX,LAC,,,,,,,,
Kansas City Chiefs,3,3,AWAY,Indianapolis Colts,17,20,257,58,2,177,82,1,KC,IND,,,,,,,,
Las Vegas Raiders,3,3,AWAY,Tennessee Titans,22,24,300,96,1,252,109,1,OAK,TEN,,,,,,,,
Los Angeles Chargers,3,3,,Jacksonville Jaguars,10,38,286,26,2,262,151,0,LAC,JAX,,,,,,,,
Los Angeles Rams,3,3,AWAY,Arizona Cardinals,20,12,239,100,1,295,70,0,LAR,ARI,,,,,,,,
Miami Dolphins,3,3,,Buffalo Bills,21,19,171,41,0,382,115,1,MIA,BUF,,,,,,,,
Minnesota Vikings,3,3,,Detroit Lions,28,24,250,123,1,277,139,1,MIN,DET,,,,,,,,
New England Patriots,3,3,,Baltimore Ravens,26,37,302,145,4,206,188,2,NE,BAL,,,,,,,,
New Orleans Saints,3,3,AWAY,Carolina Panthers,14,22,342,84,3,148,145,0,NO,CAR,,,,,,,,
New York Giants,3,3,,Dallas Cowboys,16,23,169,167,1,215,176,0,NYG,DAL,,,,,,,,
New York Jets,3,3,,Cincinnati Bengals,12,27,252,76,4,261,69,1,NYJ,CIN,,,,,,,,
Philadelphia Eagles,3,3,AWAY,Washington Commanders,24,8,328,72,0,153,87,1,PHI,WSH,,,,,,,,
Pittsburgh Steelers,3,3,AWAY,Cleveland Browns,17,29,204,104,1,205,171,0,PIT,CLE,,,,,,,,
San Francisco 49ers,3,3,AWAY,Denver Broncos,10,11,179,88,3,160,101,0,SF,DEN,,,,,,,,
Seattle Seahawks,3,3,,Atlanta Falcons,23,27,308,112,1,207,179,2,SEA,ATL,,,,,,,,
Tampa Bay Buccaneers,3,3,,Green Bay Packers,12,14,251,34,2,248,67,2,TB,GB,,,,,,,,
Arizona Cardinals,2,2,AWAY,Las Vegas Raiders,29,23,270,143,1,244,80,1,ARI,OAK,,,,,,,,
Atlanta Falcons,2,2,AWAY,Los Angeles Rams,27,31,171,90,3,272,65,3,ATL,LAR,,,,,,,,
Baltimore Ravens,2,2,,Miami Dolphins,38,42,318,155,0,461,86,2,BAL,MIA,,,,,,,,
Buffalo Bills,2,2,,Tennessee Titans,41,7,313,101,0,107,80,4,BUF,TEN,,,,,,,,
Carolina Panthers,2,2,AWAY,New York Giants,16,19,129,146,2,162,103,0,CAR,NYG,,,,,,,,
Chicago Bears,2,2,AWAY,Green Bay Packers,10,27,48,180,1,211,203,1,CHI,GB,,,,,,,,
Cincinnati Bengals,2,2,AWAY,Dallas Cowboys,17,20,165,89,0,230,107,1,CIN,DAL,,,,,,,,
Cleveland Browns,2,2,,New York Jets,30,31,221,184,1,309,93,1,CLE,NYJ,,,,,,,,
Dallas Cowboys,2,2,,Cincinnati Bengals,20,17,230,107,1,165,89,0,DAL,CIN,,,,,,,,
Denver Broncos,2,2,,Houston Texans,16,9,201,149,1,154,80,0,DEN,HOU,,,,,,,,
Detroit Lions,2,2,,Washington Commanders,36,27,234,191,0,308,88,1,DET,WSH,,,,,,,,
Green Bay Packers,2,2,,Chicago Bears,27,10,211,203,1,48,180,1,GB,CHI,,,,,,,,
Houston Texans,2,2,AWAY,Denver Broncos,9,16,154,80,0,201,149,1,HOU,DEN,,,,,,,,
Indianapolis Colts,2,2,AWAY,Jacksonville Jaguars,0,24,164,54,3,235,96,0,IND,JAX,,,,,,,,
Jacksonville Jaguars,2,2,,Indianapolis Colts,24,0,235,96,0,164,54,3,JAX,IND,,,,,,,,
Kansas City Chiefs,2,2,,Los Angeles Chargers,27,24,226,93,0,326,75,1,KC,LAC,,,,,,,,
Las Vegas Raiders,2,2,,Arizona Cardinals,23,29,244,80,1,270,143,1,OAK,ARI,,,,,,,,
Los Angeles Chargers,2,2,AWAY,Kansas City Chiefs,24,27,326,75,1,226,93,0,LAC,KC,,,,,,,,
Los Angeles Rams,2,2,,Atlanta Falcons,31,27,272,65,3,171,90,3,LAR,ATL,,,,,,,,
Miami Dolphins,2,2,AWAY,Baltimore Ravens,42,38,461,86,2,318,155,0,MIA,BAL,,,,,,,,
Minnesota Vikings,2,2,AWAY,Philadelphia Eagles,7,24,202,62,3,323,163,1,MIN,PHI,,,,,,,,
New England Patriots,2,2,AWAY,Pittsburgh Steelers,17,14,252,124,1,152,91,2,NE,PIT,,,,,,,,
New Orleans Saints,2,2,,Tampa Bay Buccaneers,10,20,208,100,5,188,72,1,NO,TB,,,,,,,,
New York Giants,2,2,,Carolina Panthers,19,16,162,103,0,129,146,2,NYG,CAR,,,,,,,,
New York Jets,2,2,AWAY,Cleveland Browns,31,30,309,93,1,221,184,1,NYJ,CLE,,,,,,,,
Philadelphia Eagles,2,2,,Minnesota Vikings,24,7,323,163,1,202,62,3,PHI,MIN,,,,,,,,
Pittsburgh Steelers,2,2,,New England Patriots,14,17,152,91,2,252,124,1,PIT,NE,,,,,,,,
San Francisco 49ers,2,2,,Seattle Seahawks,27,7,184,189,0,180,36,3,SF,SEA,,,,,,,,
Seattle Seahawks,2,2,AWAY,San Francisco 49ers,7,27,180,36,3,184,189,0,SEA,SF,,,,,,,,
Tampa Bay Buccaneers,2,2,AWAY,New Orleans Saints,20,10,188,72,1,208,100,5,TB,NO,,,,,,,,
Arizona Cardinals,1,1,,Kansas City Chiefs,21,44,179,103,0,360,128,1,ARI,KC,,,,,,,,
Atlanta Falcons,1,1,,New Orleans Saints,26,27,215,201,2,234,151,1,ATL,NO,,,,,,,,
Baltimore Ravens,1,1,AWAY,New York Jets,24,9,211,63,1,297,83,2,BAL,NYJ,,,,,,,,
Buffalo Bills,1,1,AWAY,Los Angeles Rams,31,10,292,121,4,191,52,3,BUF,LAR,,,,,,,,
Carolina Panthers,1,1,,Cleveland Browns,24,26,207,54,1,138,217,0,CAR,CLE,,,,,,,,
Chicago Bears,1,1,,San Francisco 49ers,19,10,105,99,1,155,176,2,CHI,SF,,,,,,,,
Cincinnati Bengals,1,1,,Pittsburgh Steelers,20,23,299,133,5,192,75,0,CIN,PIT,,,,,,,,
Cleveland Browns,1,1,AWAY,Carolina Panthers,26,24,138,217,0,207,54,1,CLE,CAR,,,,,,,,
Dallas Cowboys,1,1,,Tampa Bay Buccaneers,3,19,173,71,1,195,152,1,DAL,TB,,,,,,,,
Denver Broncos,1,1,AWAY,Seattle Seahawks,16,17,330,103,2,177,76,1,DEN,SEA,,,,,,,,
Detroit Lions,1,1,,Philadelphia Eagles,35,38,205,181,1,239,216,0,DET,PHI,,,,,,,,
Green Bay Packers,1,1,AWAY,Minnesota Vikings,7,23,227,111,2,269,126,0,GB,MIN,,,,,,,,
Houston Texans,1,1,,Indianapolis Colts,20,20,222,77,1,340,177,2,HOU,IND,,,,,,,,
Indianapolis Colts,1,1,AWAY,Houston Texans,20,20,340,177,2,222,77,1,IND,HOU,,,,,,,,
Jacksonville Jaguars,1,1,AWAY,Washington Commanders,22,28,260,123,1,305,85,3,JAX,WSH,,,,,,,,
Kansas City Chiefs,1,1,AWAY,Arizona Cardinals,44,21,360,128,1,179,103,0,KC,ARI,,,,,,,,
Las Vegas Raiders,1,1,AWAY,Los Angeles Chargers,19,24,256,64,3,279,76,0,OAK,LAC,,,,,,,,
Los Angeles Chargers,1,1,,Las Vegas Raiders,24,19,279,76,0,256,64,3,LAC,OAK,,,,,,,,
Los Angeles Rams,1,1,,Buffalo Bills,10,31,191,52,3,292,121,4,LAR,BUF,,,,,,,,
Miami Dolphins,1,1,,New England Patriots,20,7,242,65,0,193,78,3,MIA,NE,,,,,,,,
Minnesota Vikings,1,1,,Green Bay Packers,23,7,269,126,0,227,111,2,MIN,GB,,,,,,,,
New England Patriots,1,1,AWAY,Miami Dolphins,7,20,193,78,3,242,65,0,NE,MIA,,,,,,,,
New Orleans Saints,1,1,AWAY,Atlanta Falcons,27,26,234,151,1,215,201,2,NO,ATL,,,,,,,,
New York Giants,1,1,AWAY,Tennessee Titans,21,20,156,238,2,266,93,1,NYG,TEN,,,,,,,,
New York Jets,1,1,,Baltimore Ravens,9,24,297,83,2,211,63,1,NYJ,BAL,,,,,,,,
Philadelphia Eagles,1,1,AWAY,Detroit Lions,38,35,239,216,0,205,181,1,PHI,DET,,,,,,,,
Pittsburgh Steelers,1,1,AWAY,Cincinnati Bengals,23,20,192,75,0,299,133,5,PIT,CIN,,,,,,,,
San Francisco 49ers,1,1,AWAY,Chicago Bears,10,19,155,176,2,105,99,1,SF,CHI,,,,,,,,
Seattle Seahawks,1,1,,Denver Broncos,17,16,177,76,1,330,103,2,SEA,DEN,,,,,,,,
Tampa Bay Buccaneers,1,1,AWAY,Dallas Cowboys,19,3,195,152,1,173,71,1,TB,DAL,,,,,,,,
